customer_id,Recency,Frequency,Monetary,Cluster,Segment
31813,26,2,5726.04,1,Regular Customers
61020,66,3,7844.9,0,Loyal Customers
119099,165,4,14768.77,2,Premium Customers
188838,260,2,5182.04,1,Regular Customers
191616,165,2,4089.96,1,Regular Customers
211163,149,3,11984.36,2,Premium Customers
243838,336,3,6061.06,0,Loyal Customers
376144,114,5,9359.35,2,Premium Customers
408590,322,1,1217.39,3,At Risk Customers
469006,162,3,5932.18,0,Loyal Customers
625395,34,4,7185.5599999999995,0,Loyal Customers
644189,135,1,3376.0,1,Regular Customers
666589,286,1,222.15,3,At Risk Customers
701493,139,3,8182.65,0,Loyal Customers
767523,123,1,2358.76,1,Regular Customers
773410,82,1,1838.15,1,Regular Customers
820740,10,3,5414.650000000001,0,Loyal Customers
899941,340,2,7121.92,3,At Risk Customers
949062,580,1,3558.14,3,At Risk Customers
954629,538,1,44.35,3,At Risk Customers
966247,201,1,3110.34,1,Regular Customers
1108176,281,2,3667.81,3,At Risk Customers
1152215,485,1,1203.31,3,At Risk Customers
1174162,19,3,3606.78,0,Loyal Customers
1200365,80,2,1543.77,1,Regular Customers
1301661,125,1,1395.67,1,Regular Customers
1342184,406,2,5899.87,3,At Risk Customers
1449273,431,2,4983.25,3,At Risk Customers
1469696,227,2,3472.48,1,Regular Customers
1497747,522,1,1072.62,3,At Risk Customers
1507408,402,3,3901.96,3,At Risk Customers
1529180,508,2,4575.31,3,At Risk Customers
1562083,54,2,4294.33,1,Regular Customers
1588560,238,2,7210.93,0,Loyal Customers
1601161,70,5,8718.310000000001,2,Premium Customers
1603358,426,3,7542.58,0,Loyal Customers
1655637,370,1,3517.14,3,At Risk Customers
1683786,163,2,7133.27,0,Loyal Customers
1697604,281,3,8458.68,0,Loyal Customers
1705969,267,2,5269.049999999999,1,Regular Customers
1719710,414,2,3996.81,3,At Risk Customers
1771249,241,1,2399.6,1,Regular Customers
1816969,92,2,7750.5599999999995,0,Loyal Customers
1855421,302,2,3712.4300000000003,3,At Risk Customers
1989720,92,2,3688.92,1,Regular Customers
2058037,5,4,10977.92,2,Premium Customers
2134827,307,1,805.28,3,At Risk Customers
2136830,423,1,4369.13,3,At Risk Customers
2164524,369,4,4677.639999999999,0,Loyal Customers
2188994,168,1,3750.59,1,Regular Customers
2219590,58,4,8078.45,0,Loyal Customers
2233446,257,2,4218.14,1,Regular Customers
2361575,87,2,5598.2300000000005,1,Regular Customers
2365348,156,1,4789.73,1,Regular Customers
2391900,485,1,1381.22,3,At Risk Customers
2400009,167,3,5928.53,0,Loyal Customers
2414265,86,2,5182.139999999999,1,Regular Customers
2442235,11,2,3747.3,1,Regular Customers
2457734,6,4,6744.32,0,Loyal Customers
2517955,252,1,950.6,1,Regular Customers
2558646,207,3,4034.93,0,Loyal Customers
2566268,8,5,13417.32,2,Premium Customers
2584499,93,3,3879.01,0,Loyal Customers
2667357,365,1,1666.89,3,At Risk Customers
2684440,165,5,10019.32,2,Premium Customers
2848415,294,1,1233.33,3,At Risk Customers
2875442,269,1,310.87,3,At Risk Customers
2903620,224,2,3876.62,1,Regular Customers
2928026,324,1,972.69,3,At Risk Customers
3002538,73,2,3130.74,1,Regular Customers
3096845,364,2,5514.38,3,At Risk Customers
3100301,477,1,2618.61,3,At Risk Customers
3282647,290,2,4671.450000000001,3,At Risk Customers
3292927,21,3,5999.26,0,Loyal Customers
3399251,335,1,1348.39,3,At Risk Customers
3408982,60,4,9310.22,2,Premium Customers
3410758,589,1,898.05,3,At Risk Customers
3421258,260,2,1407.12,1,Regular Customers
3468355,159,1,367.08,1,Regular Customers
3483295,239,1,1596.72,1,Regular Customers
3588443,36,2,3724.12,1,Regular Customers
3638834,390,2,2207.96,3,At Risk Customers
3660263,226,1,899.58,1,Regular Customers
3730316,23,3,3173.85,1,Regular Customers
3786105,201,2,5793.719999999999,0,Loyal Customers
3844290,34,2,4555.33,1,Regular Customers
3872421,146,1,163.03,1,Regular Customers
3875480,513,1,3071.72,3,At Risk Customers
3893903,126,1,923.84,1,Regular Customers
3897936,34,5,9089.44,2,Premium Customers
3999964,117,2,5935.73,1,Regular Customers
4055790,399,2,4109.889999999999,3,At Risk Customers
4057678,36,2,2296.4300000000003,1,Regular Customers
4192351,191,1,4555.81,1,Regular Customers
4200802,380,1,858.57,3,At Risk Customers
4356173,255,3,2428.91,1,Regular Customers
4378755,67,3,5667.76,0,Loyal Customers
4386273,78,3,4354.88,0,Loyal Customers
4394659,184,2,5924.07,0,Loyal Customers
4439806,197,3,8478.0,0,Loyal Customers
4444673,198,1,491.39,1,Regular Customers
4458329,92,1,127.16,1,Regular Customers
4543215,333,1,2653.37,3,At Risk Customers
4594944,455,1,4205.78,3,At Risk Customers
4597433,71,6,15497.68,2,Premium Customers
4606533,472,1,938.72,3,At Risk Customers
4758426,522,2,6462.13,3,At Risk Customers
4789829,249,2,6885.25,0,Loyal Customers
4862761,113,2,3317.1899999999996,1,Regular Customers
4940671,353,1,3471.7,3,At Risk Customers
4988545,244,2,5463.49,1,Regular Customers
5001749,36,2,2604.45,1,Regular Customers
5039883,92,5,11488.47,2,Premium Customers
5043760,186,2,2691.16,1,Regular Customers
5135207,442,1,4045.22,3,At Risk Customers
5140660,363,1,2066.77,3,At Risk Customers
5226128,249,2,3694.79,1,Regular Customers
5228136,134,3,6360.14,0,Loyal Customers
5238055,123,3,8401.95,0,Loyal Customers
5277675,395,2,2650.36,3,At Risk Customers
5386246,111,3,8719.43,0,Loyal Customers
5418547,66,2,2633.56,1,Regular Customers
5540556,31,4,8749.83,0,Loyal Customers
5607734,387,1,3767.45,3,At Risk Customers
5700842,561,1,419.13,3,At Risk Customers
5712468,39,2,3280.3999999999996,1,Regular Customers
5716817,229,3,7122.33,0,Loyal Customers
5751638,334,2,3763.8999999999996,3,At Risk Customers
5754255,134,3,2938.94,1,Regular Customers
5763963,220,5,6641.31,0,Loyal Customers
5901440,600,1,39.65,3,At Risk Customers
5961261,206,4,7210.87,0,Loyal Customers
6025470,388,1,4593.42,3,At Risk Customers
6061349,181,3,9223.01,0,Loyal Customers
6081270,434,1,836.16,3,At Risk Customers
6150721,53,5,8313.27,2,Premium Customers
6184558,573,1,3676.83,3,At Risk Customers
6186471,261,1,4356.46,1,Regular Customers
6245778,305,3,2736.77,3,At Risk Customers
6247821,26,3,6206.78,0,Loyal Customers
6291143,137,2,3673.81,1,Regular Customers
6319646,131,3,4477.48,0,Loyal Customers
6335221,117,2,8162.09,0,Loyal Customers
6344345,67,3,6306.38,0,Loyal Customers
6390687,205,2,3644.79,1,Regular Customers
6398761,76,4,7685.5,0,Loyal Customers
6459100,80,3,5143.1900000000005,0,Loyal Customers
6579892,10,4,12303.49,2,Premium Customers
6617417,143,1,1441.9,1,Regular Customers
6622751,500,1,3090.15,3,At Risk Customers
6637282,166,4,6176.62,0,Loyal Customers
6668498,40,2,5471.110000000001,1,Regular Customers
6724509,19,3,2734.55,1,Regular Customers
6756256,141,3,6810.71,0,Loyal Customers
6812439,112,3,1712.8600000000001,1,Regular Customers
6853981,317,1,141.28,3,At Risk Customers
6856445,463,2,5998.27,3,At Risk Customers
6867315,320,2,6151.219999999999,3,At Risk Customers
6959437,31,3,3112.0699999999997,1,Regular Customers
6982488,1,3,5723.68,0,Loyal Customers
6992801,171,1,942.37,1,Regular Customers
7076456,455,2,7500.719999999999,3,At Risk Customers
7228206,151,4,11704.43,2,Premium Customers
7288562,50,3,4667.1,0,Loyal Customers
7333934,194,3,4327.63,0,Loyal Customers
7378768,395,2,1587.2399999999998,3,At Risk Customers
7522036,454,1,845.0,3,At Risk Customers
7551173,288,1,3919.44,3,At Risk Customers
7591711,320,4,7305.79,0,Loyal Customers
7687234,466,1,4559.56,3,At Risk Customers
7728406,132,5,9590.720000000001,2,Premium Customers
8025622,106,3,6292.71,0,Loyal Customers
8073518,506,1,1448.27,3,At Risk Customers
8138417,479,1,2209.24,3,At Risk Customers
8164639,175,2,4728.2,1,Regular Customers
8228843,279,3,6271.29,0,Loyal Customers
8241122,107,4,6669.82,0,Loyal Customers
8351747,406,3,5516.66,3,At Risk Customers
8361353,222,2,6377.04,0,Loyal Customers
8375298,420,2,1112.44,3,At Risk Customers
8383197,20,2,4844.43,1,Regular Customers
8384106,352,1,796.88,3,At Risk Customers
8395343,490,3,7008.0199999999995,3,At Risk Customers
8395610,203,2,6443.63,0,Loyal Customers
8513589,194,2,6565.69,0,Loyal Customers
8536503,150,2,1711.19,1,Regular Customers
8628482,36,2,6500.450000000001,0,Loyal Customers
8632679,398,1,1442.99,3,At Risk Customers
8651281,146,4,4335.65,0,Loyal Customers
8733344,70,2,4272.07,1,Regular Customers
8791577,22,8,19028.36,2,Premium Customers
8817168,457,1,196.64,3,At Risk Customers
8881320,7,2,3006.3599999999997,1,Regular Customers
8886587,123,1,2023.82,1,Regular Customers
8955057,121,3,5598.1900000000005,0,Loyal Customers
9048817,226,1,3944.12,1,Regular Customers
9097480,4,2,5655.6,1,Regular Customers
9105829,347,2,5485.69,3,At Risk Customers
9107360,118,3,5210.74,0,Loyal Customers
9195970,600,1,1809.72,3,At Risk Customers
9246851,517,2,5098.4400000000005,3,At Risk Customers
9274874,72,6,3721.02,0,Loyal Customers
9278983,39,5,9068.35,2,Premium Customers
9314637,319,2,4974.4400000000005,3,At Risk Customers
9347990,18,2,1461.79,1,Regular Customers
9401406,56,3,8038.67,0,Loyal Customers
9419030,200,1,1973.65,1,Regular Customers
9423628,582,1,3342.15,3,At Risk Customers
9450435,174,3,7220.76,0,Loyal Customers
9551011,420,1,307.23,3,At Risk Customers
9573071,111,4,8601.02,0,Loyal Customers
9641623,153,1,835.53,1,Regular Customers
9650263,121,2,4364.28,1,Regular Customers
9738801,251,4,8019.36,0,Loyal Customers
9796585,7,2,1321.1,1,Regular Customers
9981089,308,2,3035.8500000000004,3,At Risk Customers
9987182,29,4,11850.41,2,Premium Customers
10019218,166,4,9414.810000000001,0,Loyal Customers
10038382,300,2,6331.04,3,At Risk Customers
10048910,42,5,11162.4,2,Premium Customers
10088428,34,1,1253.07,1,Regular Customers
10210309,117,1,2190.34,1,Regular Customers
10225164,141,2,4228.71,1,Regular Customers
10240052,63,2,2755.39,1,Regular Customers
10418604,216,3,8381.78,0,Loyal Customers
10508763,210,2,2396.75,1,Regular Customers
10524732,468,3,3492.09,3,At Risk Customers
10541231,16,2,2015.4199999999998,1,Regular Customers
10562528,20,7,11050.11,2,Premium Customers
10605484,319,2,3597.5199999999995,3,At Risk Customers
10608845,405,1,2265.63,3,At Risk Customers
10663246,157,2,4821.82,1,Regular Customers
10683250,263,2,1057.69,1,Regular Customers
10686446,223,1,2505.6,1,Regular Customers
10694081,27,1,3821.8,1,Regular Customers
10700664,263,3,2978.8900000000003,0,Loyal Customers
10729474,522,2,5097.5,3,At Risk Customers
10745302,352,1,3759.4,3,At Risk Customers
10769994,332,2,1105.69,3,At Risk Customers
10789681,169,1,825.46,1,Regular Customers
10796846,561,1,3330.44,3,At Risk Customers
10797688,269,1,2232.88,3,At Risk Customers
10830043,484,1,2244.39,3,At Risk Customers
10855630,141,2,5001.01,1,Regular Customers
10857389,38,4,5091.87,0,Loyal Customers
10945990,14,2,3702.66,1,Regular Customers
10951674,215,2,2110.33,1,Regular Customers
11047835,67,4,8927.04,0,Loyal Customers
11063505,8,2,4218.7,1,Regular Customers
11071601,112,2,4320.68,1,Regular Customers
11082181,257,1,1303.23,1,Regular Customers
11143197,148,4,8949.08,0,Loyal Customers
11202130,105,4,9747.33,2,Premium Customers
11228463,171,1,3598.91,1,Regular Customers
11254582,199,3,4389.36,0,Loyal Customers
11387110,294,1,2922.5,3,At Risk Customers
11389698,476,3,8357.68,3,At Risk Customers
11446157,193,5,15311.23,2,Premium Customers
11470681,241,1,3007.93,1,Regular Customers
11478478,28,6,17719.29,2,Premium Customers
11493300,420,1,4066.1,3,At Risk Customers
11493380,14,4,12693.39,2,Premium Customers
11503405,479,1,2661.8,3,At Risk Customers
11540364,354,1,3402.86,3,At Risk Customers
11562458,331,2,7959.610000000001,0,Loyal Customers
11616535,136,4,5872.780000000001,0,Loyal Customers
11636968,49,2,4476.12,1,Regular Customers
11705793,204,2,6739.360000000001,0,Loyal Customers
11775073,96,1,2388.23,1,Regular Customers
11928321,303,2,3923.3100000000004,3,At Risk Customers
12059049,106,4,11045.67,2,Premium Customers
12077371,367,4,7842.0599999999995,0,Loyal Customers
12088552,543,2,2049.82,3,At Risk Customers
12090436,37,1,834.86,1,Regular Customers
12141418,350,1,1421.52,3,At Risk Customers
12184293,441,1,4160.4,3,At Risk Customers
12272282,29,5,11611.289999999999,2,Premium Customers
12277039,118,4,12860.59,2,Premium Customers
12302179,453,1,1497.01,3,At Risk Customers
12305040,40,3,8809.21,0,Loyal Customers
12338529,10,3,3794.6899999999996,0,Loyal Customers
12402437,236,2,7044.07,0,Loyal Customers
12415659,116,1,2431.37,1,Regular Customers
12455156,171,3,3157.46,0,Loyal Customers
12469338,223,2,1757.75,1,Regular Customers
12500465,370,2,3926.33,3,At Risk Customers
12507907,459,2,2085.12,3,At Risk Customers
12574626,10,3,5356.67,0,Loyal Customers
12622901,238,2,7918.97,0,Loyal Customers
12655794,447,1,217.5,3,At Risk Customers
12695670,490,2,1619.96,3,At Risk Customers
12755730,195,3,7745.370000000001,0,Loyal Customers
12769552,123,1,2169.15,1,Regular Customers
12778027,328,2,6501.95,3,At Risk Customers
12799092,39,3,4648.88,0,Loyal Customers
12814732,10,2,5185.969999999999,1,Regular Customers
12832151,42,7,17178.65,2,Premium Customers
12851610,41,5,11862.14,2,Premium Customers
12867472,192,2,4250.6,1,Regular Customers
12967305,469,3,8329.8,3,At Risk Customers
12988801,268,2,4579.99,1,Regular Customers
13071673,124,2,5265.6900000000005,1,Regular Customers
13122744,387,1,2013.55,3,At Risk Customers
13130974,289,1,4179.5,3,At Risk Customers
13164195,56,4,13915.94,2,Premium Customers
13189939,20,4,11042.32,2,Premium Customers
13197985,77,1,1107.38,1,Regular Customers
13251137,72,5,11343.79,2,Premium Customers
13265605,529,1,3337.4,3,At Risk Customers
13284996,569,1,956.4,3,At Risk Customers
13383642,113,3,4776.26,0,Loyal Customers
13415362,533,1,1609.53,3,At Risk Customers
13424885,449,1,2294.95,3,At Risk Customers
13455530,268,3,9044.82,0,Loyal Customers
13461704,353,1,2279.47,3,At Risk Customers
13462905,113,1,176.34,1,Regular Customers
13465850,266,3,6814.68,0,Loyal Customers
13492411,196,2,2964.59,1,Regular Customers
13494314,119,2,5073.49,1,Regular Customers
13567338,400,1,916.92,3,At Risk Customers
13581527,149,3,5533.08,0,Loyal Customers
13585482,38,3,4898.23,0,Loyal Customers
13604883,81,7,14002.59,2,Premium Customers
13651980,195,2,4283.5,1,Regular Customers
13760839,148,5,10384.25,2,Premium Customers
13796199,276,3,9520.53,0,Loyal Customers
13871547,227,2,3396.38,1,Regular Customers
13963450,325,1,2630.12,3,At Risk Customers
14006996,221,2,6238.3099999999995,0,Loyal Customers
14161586,52,2,8391.54,0,Loyal Customers
14207332,145,2,6489.299999999999,0,Loyal Customers
14255231,142,2,8697.67,0,Loyal Customers
14272050,324,2,5672.35,3,At Risk Customers
14275043,196,1,4553.36,1,Regular Customers
14294171,10,1,995.56,1,Regular Customers
14330483,88,2,3286.63,1,Regular Customers
14367270,32,2,2468.38,1,Regular Customers
14428954,293,3,9890.27,0,Loyal Customers
14458150,414,2,7134.84,3,At Risk Customers
14472401,134,4,5696.88,0,Loyal Customers
14479168,78,2,3395.52,1,Regular Customers
14632090,54,3,10717.48,0,Loyal Customers
14693393,84,2,7205.32,0,Loyal Customers
14705462,5,2,7509.24,0,Loyal Customers
14839726,280,2,4949.27,3,At Risk Customers
14940427,57,3,7194.67,0,Loyal Customers
14944819,318,2,4427.8099999999995,3,At Risk Customers
14974554,418,2,3999.58,3,At Risk Customers
14991661,109,2,4277.14,1,Regular Customers
15043066,578,1,2129.39,3,At Risk Customers
15066187,67,3,10626.06,0,Loyal Customers
15144290,66,3,6958.92,0,Loyal Customers
15345667,269,1,3322.54,3,At Risk Customers
15391556,524,1,1199.03,3,At Risk Customers
15417130,269,1,3391.72,3,At Risk Customers
15484407,15,3,3426.3900000000003,1,Regular Customers
15487049,118,2,5137.77,1,Regular Customers
15529446,465,2,358.07,3,At Risk Customers
15534747,416,2,1519.74,3,At Risk Customers
15568831,437,2,4170.360000000001,3,At Risk Customers
15599514,498,1,2831.58,3,At Risk Customers
15631726,49,3,6718.43,0,Loyal Customers
15661674,555,2,5317.11,3,At Risk Customers
15661901,15,2,3420.5699999999997,1,Regular Customers
15733078,46,1,2406.32,1,Regular Customers
15796277,462,1,1589.89,3,At Risk Customers
15808945,12,4,6858.35,0,Loyal Customers
15830066,74,4,5033.89,0,Loyal Customers
15897933,219,1,154.5,1,Regular Customers
15931134,317,2,3315.1000000000004,3,At Risk Customers
16082651,118,2,2571.1000000000004,1,Regular Customers
16230299,376,1,626.19,3,At Risk Customers
16256136,232,2,1151.27,1,Regular Customers
16341776,534,1,1036.38,3,At Risk Customers
16359370,325,1,2333.7,3,At Risk Customers
16376189,518,1,1609.25,3,At Risk Customers
16379942,197,4,5727.700000000001,0,Loyal Customers
16400639,15,2,5962.969999999999,1,Regular Customers
16410155,75,3,7414.59,0,Loyal Customers
16420489,238,5,14262.32,2,Premium Customers
16424635,211,3,7201.16,0,Loyal Customers
16436359,103,2,6487.54,0,Loyal Customers
16448993,430,1,328.51,3,At Risk Customers
16484167,578,1,3927.09,3,At Risk Customers
16485871,331,1,1135.56,3,At Risk Customers
16543242,25,5,7849.540000000001,2,Premium Customers
16561710,156,4,9975.27,2,Premium Customers
16617201,179,1,53.49,1,Regular Customers
16640907,574,1,1078.17,3,At Risk Customers
16780752,419,1,2814.99,3,At Risk Customers
16785724,318,3,7483.84,0,Loyal Customers
17106161,588,1,2184.02,3,At Risk Customers
17132416,475,2,6849.14,3,At Risk Customers
17159117,355,2,4653.8,3,At Risk Customers
17201639,407,1,3012.27,3,At Risk Customers
17287733,183,2,5041.110000000001,1,Regular Customers
17341194,257,2,5557.299999999999,1,Regular Customers
17390673,36,2,1888.67,1,Regular Customers
17392512,36,1,361.89,1,Regular Customers
17521263,323,1,738.71,3,At Risk Customers
17597449,124,5,17857.34,2,Premium Customers
17675915,280,1,913.2,3,At Risk Customers
17681645,170,1,136.6,1,Regular Customers
17696094,532,1,994.56,3,At Risk Customers
17749347,17,2,4039.66,1,Regular Customers
17805991,47,8,18409.9,2,Premium Customers
17843667,31,1,1153.83,1,Regular Customers
17929886,82,2,3657.18,1,Regular Customers
17939362,412,1,1213.48,3,At Risk Customers
18035010,79,2,4202.22,1,Regular Customers
18082040,160,3,5506.83,0,Loyal Customers
18113428,329,4,8327.119999999999,0,Loyal Customers
18140588,305,2,7136.73,0,Loyal Customers
18170800,532,1,2282.55,3,At Risk Customers
18199057,12,2,3264.0299999999997,1,Regular Customers
18229949,114,1,102.44,1,Regular Customers
18256339,71,3,7505.38,0,Loyal Customers
18259715,69,4,2615.27,0,Loyal Customers
18326028,132,1,833.93,1,Regular Customers
18394558,96,2,5704.59,1,Regular Customers
18465047,28,4,13626.39,2,Premium Customers
18567760,74,3,5805.48,0,Loyal Customers
18642306,30,3,6618.49,0,Loyal Customers
18791381,15,4,11040.96,2,Premium Customers
18889370,399,2,6470.28,3,At Risk Customers
18935489,327,3,5707.28,0,Loyal Customers
18940384,162,1,2549.18,1,Regular Customers
18986315,130,1,1996.55,1,Regular Customers
19067680,283,3,6801.7,0,Loyal Customers
19080489,209,2,6787.47,0,Loyal Customers
19091057,204,3,5251.9800000000005,0,Loyal Customers
19145354,132,1,1525.58,1,Regular Customers
19179897,86,1,1721.08,1,Regular Customers
19180962,57,5,12130.09,2,Premium Customers
19182548,191,3,5679.34,0,Loyal Customers
19216141,89,4,5012.85,0,Loyal Customers
19259955,290,4,8311.47,0,Loyal Customers
19275474,459,2,3714.62,3,At Risk Customers
19375332,37,2,5604.14,1,Regular Customers
19393135,147,1,938.37,1,Regular Customers
19400174,492,1,3804.03,3,At Risk Customers
19425804,151,2,1730.79,1,Regular Customers
19482392,39,4,6193.93,0,Loyal Customers
19523014,12,3,9464.960000000001,0,Loyal Customers
19523856,83,1,2961.15,1,Regular Customers
19556566,158,2,8079.95,0,Loyal Customers
19581959,344,2,4418.9,3,At Risk Customers
19682060,355,3,7107.45,0,Loyal Customers
19705695,36,1,556.76,1,Regular Customers
19741509,90,4,10700.07,2,Premium Customers
19771128,503,1,3041.96,3,At Risk Customers
20122449,117,1,1435.13,1,Regular Customers
20148223,139,6,7865.3,2,Premium Customers
20163931,57,6,8475.61,2,Premium Customers
20209237,347,2,2147.44,3,At Risk Customers
20238921,311,4,5704.54,0,Loyal Customers
20298398,88,5,12587.05,2,Premium Customers
20310720,149,2,4264.79,1,Regular Customers
20314691,81,1,3291.28,1,Regular Customers
20343501,172,1,3903.48,1,Regular Customers
20360447,459,1,4588.23,3,At Risk Customers
20469626,206,1,2161.37,1,Regular Customers
20496835,318,2,4128.69,3,At Risk Customers
20517871,576,1,4361.99,3,At Risk Customers
20625627,515,2,4101.88,3,At Risk Customers
20634789,255,3,3803.41,0,Loyal Customers
20689141,449,2,4751.24,3,At Risk Customers
20834589,8,3,9303.29,0,Loyal Customers
20835909,368,1,1063.55,3,At Risk Customers
20940403,285,3,4336.4400000000005,0,Loyal Customers
20951294,412,1,989.88,3,At Risk Customers
20956158,215,6,9880.18,2,Premium Customers
21201299,174,4,9273.79,0,Loyal Customers
21270783,106,1,3496.28,1,Regular Customers
21282544,379,3,7390.42,0,Loyal Customers
21409946,31,3,8394.49,0,Loyal Customers
21425168,430,3,6870.5599999999995,3,At Risk Customers
21432404,418,1,424.61,3,At Risk Customers
21456226,559,1,1966.28,3,At Risk Customers
21461764,129,4,15459.04,2,Premium Customers
21481338,23,2,5430.7,1,Regular Customers
21573815,118,5,13749.06,2,Premium Customers
21577948,512,3,11214.05,0,Loyal Customers
21597477,152,4,7341.4400000000005,0,Loyal Customers
21658322,269,5,6442.24,0,Loyal Customers
21677923,153,3,10171.29,0,Loyal Customers
21697638,332,4,4197.09,0,Loyal Customers
21701991,62,7,11648.6,2,Premium Customers
21779155,562,1,2455.38,3,At Risk Customers
21784094,294,1,1479.69,3,At Risk Customers
21786873,125,2,4093.68,1,Regular Customers
21809858,7,2,1282.15,1,Regular Customers
21866852,209,2,3457.76,1,Regular Customers
21948041,109,3,13137.13,2,Premium Customers
22020776,40,1,4992.15,1,Regular Customers
22036818,386,2,3873.6099999999997,3,At Risk Customers
22047134,54,3,6051.37,0,Loyal Customers
22054087,240,3,5695.27,0,Loyal Customers
22076522,49,4,9534.15,2,Premium Customers
22077605,243,2,2648.55,1,Regular Customers
22081691,155,3,8129.83,0,Loyal Customers
22112867,277,3,7604.15,0,Loyal Customers
22133362,86,2,6421.84,0,Loyal Customers
22161071,425,1,2337.12,3,At Risk Customers
22210238,172,6,21686.800000000003,2,Premium Customers
22227829,213,2,4804.719999999999,1,Regular Customers
22293666,110,2,5307.74,1,Regular Customers
22321208,440,4,10581.24,0,Loyal Customers
22358567,15,2,5499.91,1,Regular Customers
22483684,14,3,4313.96,0,Loyal Customers
22524981,321,1,1333.69,3,At Risk Customers
22571994,600,1,1308.05,3,At Risk Customers
22613559,470,1,2843.52,3,At Risk Customers
22694456,26,5,12685.68,2,Premium Customers
22738465,70,3,4049.8500000000004,0,Loyal Customers
22800586,244,4,6143.59,0,Loyal Customers
22822088,8,1,2962.71,1,Regular Customers
22846435,46,1,1543.13,1,Regular Customers
22851478,304,2,4111.64,3,At Risk Customers
22915611,527,3,4216.95,3,At Risk Customers
22931642,454,1,5453.47,3,At Risk Customers
22974816,410,1,3194.98,3,At Risk Customers
23081177,206,2,6540.88,0,Loyal Customers
23098216,39,1,3823.81,1,Regular Customers
23126356,175,3,8117.4,0,Loyal Customers
23126657,444,2,6323.93,3,At Risk Customers
23286884,242,2,7145.1,0,Loyal Customers
23348269,151,5,12192.71,2,Premium Customers
23380116,8,3,5871.0199999999995,0,Loyal Customers
23448955,297,1,1656.08,3,At Risk Customers
23567263,91,1,2854.52,1,Regular Customers
23676689,441,3,5261.200000000001,3,At Risk Customers
23755474,554,1,479.64,3,At Risk Customers
23794330,147,3,5430.969999999999,0,Loyal Customers
23844919,96,2,3767.22,1,Regular Customers
23961725,328,1,3804.98,3,At Risk Customers
23976957,185,1,1252.01,1,Regular Customers
23982977,139,2,2481.61,1,Regular Customers
23984022,47,2,4220.32,1,Regular Customers
23996221,457,1,1663.27,3,At Risk Customers
24000329,348,1,1864.68,3,At Risk Customers
24043135,100,3,4160.1900000000005,0,Loyal Customers
24104630,79,2,3457.11,1,Regular Customers
24137201,117,3,8212.08,0,Loyal Customers
24144240,105,5,10673.67,2,Premium Customers
24153726,158,3,9106.119999999999,0,Loyal Customers
24308515,107,3,5402.87,0,Loyal Customers
24323106,206,2,4018.13,1,Regular Customers
24337950,142,3,5382.5599999999995,0,Loyal Customers
24357425,103,2,4825.139999999999,1,Regular Customers
24456825,366,2,5323.4400000000005,3,At Risk Customers
24496983,472,2,2816.71,3,At Risk Customers
24517523,129,1,4190.02,1,Regular Customers
24621386,129,4,9034.34,0,Loyal Customers
24633671,248,2,5118.96,1,Regular Customers
24644542,94,3,3349.9599999999996,0,Loyal Customers
24745800,265,1,3086.21,3,At Risk Customers
24821281,137,4,8894.45,0,Loyal Customers
24845814,342,2,5259.03,3,At Risk Customers
24896263,337,1,3112.29,3,At Risk Customers
24988999,595,1,665.98,3,At Risk Customers
25081012,436,2,6926.33,3,At Risk Customers
25128143,283,7,17638.83,2,Premium Customers
25221501,22,2,1990.95,1,Regular Customers
25287111,200,1,2506.93,1,Regular Customers
25294147,290,1,3427.02,3,At Risk Customers
25447967,304,1,1772.45,3,At Risk Customers
25526479,574,1,3732.99,3,At Risk Customers
25585013,285,3,7078.88,0,Loyal Customers
25587553,259,3,6874.58,0,Loyal Customers
25595836,56,2,6099.8,1,Regular Customers
25641500,115,3,6899.139999999999,0,Loyal Customers
25659794,317,1,5747.38,3,At Risk Customers
25665997,118,1,1306.86,1,Regular Customers
25706121,487,2,6652.389999999999,3,At Risk Customers
25713335,73,2,5168.85,1,Regular Customers
25722990,14,4,10617.95,2,Premium Customers
25770577,223,3,4014.2700000000004,0,Loyal Customers
25795941,418,1,1983.84,3,At Risk Customers
25829710,65,4,7225.93,0,Loyal Customers
25850478,7,1,874.78,1,Regular Customers
25915909,91,1,1445.95,1,Regular Customers
25977417,335,2,7268.14,3,At Risk Customers
26040510,346,3,6677.18,0,Loyal Customers
26199489,508,2,1723.6,3,At Risk Customers
26227445,194,1,2108.47,1,Regular Customers
26245432,305,2,5771.0,3,At Risk Customers
26250082,183,1,1905.92,1,Regular Customers
26285589,43,7,18912.97,2,Premium Customers
26303194,17,4,6050.299999999999,0,Loyal Customers
26364643,37,1,5692.84,1,Regular Customers
26412689,49,1,2147.13,1,Regular Customers
26432512,496,1,1825.16,3,At Risk Customers
26521850,68,2,1095.46,1,Regular Customers
26592009,135,1,2475.69,1,Regular Customers
26716400,64,2,3399.0600000000004,1,Regular Customers
26752630,325,3,4225.36,0,Loyal Customers
26805477,185,1,1520.7,1,Regular Customers
26844216,54,5,9848.35,2,Premium Customers
26863280,94,2,4399.0199999999995,1,Regular Customers
26903313,164,2,4787.48,1,Regular Customers
26912171,82,2,3668.87,1,Regular Customers
26935187,469,2,7962.41,3,At Risk Customers
26936578,469,1,1204.48,3,At Risk Customers
27049432,326,2,4558.05,3,At Risk Customers
27304727,364,1,3090.23,3,At Risk Customers
27304827,142,3,6570.71,0,Loyal Customers
27336589,122,3,5092.16,0,Loyal Customers
27381533,396,1,4712.89,3,At Risk Customers
27416314,564,1,230.58,3,At Risk Customers
27504517,167,3,2869.33,1,Regular Customers
27513158,308,3,6952.04,0,Loyal Customers
27604184,85,5,11059.84,2,Premium Customers
27620326,281,2,4366.78,3,At Risk Customers
27692428,25,2,2021.8000000000002,1,Regular Customers
27694927,356,1,1751.84,3,At Risk Customers
27698051,16,4,6764.75,0,Loyal Customers
27709218,75,4,6364.07,0,Loyal Customers
27727819,415,2,4296.22,3,At Risk Customers
27746432,450,1,3642.25,3,At Risk Customers
27824078,131,1,1305.23,1,Regular Customers
27878182,11,2,5142.4,1,Regular Customers
27955158,561,1,3434.25,3,At Risk Customers
27971619,162,2,6366.389999999999,0,Loyal Customers
28111842,145,2,7162.389999999999,0,Loyal Customers
28173165,566,1,2037.05,3,At Risk Customers
28205701,99,2,2434.17,1,Regular Customers
28221067,208,1,338.14,1,Regular Customers
28277304,75,1,1350.28,1,Regular Customers
28280172,45,1,2583.14,1,Regular Customers
28286754,200,3,5470.200000000001,0,Loyal Customers
28289030,385,1,2429.09,3,At Risk Customers
28350645,182,2,824.99,1,Regular Customers
28394354,172,3,5612.74,0,Loyal Customers
28413467,161,1,4414.19,1,Regular Customers
28428852,177,3,6195.82,0,Loyal Customers
28458746,318,2,3305.4300000000003,3,At Risk Customers
28499191,146,2,1414.01,1,Regular Customers
28603182,133,2,5799.52,1,Regular Customers
28663279,170,5,13861.880000000001,2,Premium Customers
28876580,91,1,2465.17,1,Regular Customers
28991365,20,2,5679.21,1,Regular Customers
28995786,140,3,4780.65,0,Loyal Customers
29095552,120,4,8016.13,0,Loyal Customers
29265216,443,1,878.07,3,At Risk Customers
29272253,43,4,6229.9,0,Loyal Customers
29324437,256,4,13058.41,2,Premium Customers
29361038,236,1,3876.32,1,Regular Customers
29415527,144,3,4939.93,0,Loyal Customers
29431960,446,1,169.88,3,At Risk Customers
29451600,20,4,10620.76,2,Premium Customers
29525287,15,3,5331.55,0,Loyal Customers
29562072,3,4,8997.82,2,Premium Customers
29562254,46,4,6564.61,0,Loyal Customers
29584848,109,4,10291.470000000001,2,Premium Customers
29600229,290,1,3493.45,3,At Risk Customers
29653387,23,3,8533.939999999999,0,Loyal Customers
29664214,425,1,764.69,3,At Risk Customers
29689766,201,4,4924.719999999999,0,Loyal Customers
29858395,348,1,2455.82,3,At Risk Customers
29902416,179,3,4251.360000000001,0,Loyal Customers
29941225,590,1,559.88,3,At Risk Customers
29973346,96,5,13027.52,2,Premium Customers
30029998,416,1,3973.9,3,At Risk Customers
30042971,35,2,4621.13,1,Regular Customers
30065862,41,3,7183.56,0,Loyal Customers
30188374,165,4,6233.38,0,Loyal Customers
30192942,88,3,12114.24,2,Premium Customers
30265929,178,1,1887.26,1,Regular Customers
30285217,393,3,5778.1900000000005,3,At Risk Customers
30317733,12,5,8935.9,2,Premium Customers
30367559,58,1,1456.96,1,Regular Customers
30373140,320,3,6889.35,0,Loyal Customers
30447453,105,4,7116.539999999999,0,Loyal Customers
30455484,151,3,6734.78,0,Loyal Customers
30468930,471,1,3217.54,3,At Risk Customers
30643619,74,3,5098.719999999999,0,Loyal Customers
30755306,173,1,2256.38,1,Regular Customers
30788486,172,2,4691.8099999999995,1,Regular Customers
30823988,27,6,11943.92,2,Premium Customers
30891209,212,1,2639.67,1,Regular Customers
30979436,23,2,2159.27,1,Regular Customers
31000129,105,2,4424.85,1,Regular Customers
31026200,43,3,7196.610000000001,0,Loyal Customers
31076002,68,3,7650.0,0,Loyal Customers
31084686,48,2,6094.66,1,Regular Customers
31156674,119,4,8615.19,0,Loyal Customers
31233120,60,2,3343.0899999999997,1,Regular Customers
31324823,124,2,3951.86,1,Regular Customers
31328762,320,2,8889.810000000001,0,Loyal Customers
31371112,186,2,5944.700000000001,0,Loyal Customers
31384626,462,1,1001.25,3,At Risk Customers
31389750,365,2,5772.12,3,At Risk Customers
31410886,223,1,2272.72,1,Regular Customers
31456752,207,5,13229.970000000001,2,Premium Customers
31527100,513,1,1742.0,3,At Risk Customers
31537100,165,2,4304.62,1,Regular Customers
31576845,252,3,6745.34,0,Loyal Customers
31582950,113,3,8479.77,0,Loyal Customers
31619915,322,1,1379.82,3,At Risk Customers
31622158,106,1,1682.78,1,Regular Customers
31681710,161,4,8499.26,0,Loyal Customers
31718565,186,3,4744.9,0,Loyal Customers
31776996,204,4,14008.75,2,Premium Customers
31831843,365,2,1379.08,3,At Risk Customers
31846190,128,2,4329.94,1,Regular Customers
31923338,55,2,2890.54,1,Regular Customers
31940833,252,6,16365.66,2,Premium Customers
31978160,210,1,1608.11,1,Regular Customers
31981068,76,1,2405.76,1,Regular Customers
32003512,93,2,4934.72,1,Regular Customers
32006907,28,1,2494.47,1,Regular Customers
32019725,66,3,10448.23,0,Loyal Customers
32054313,20,4,8517.32,0,Loyal Customers
32203588,12,2,929.38,1,Regular Customers
32293017,102,5,9683.43,2,Premium Customers
32426778,56,1,4827.19,1,Regular Customers
32500305,271,2,2052.7799999999997,1,Regular Customers
32527479,85,4,10032.45,2,Premium Customers
32540616,303,1,4248.74,3,At Risk Customers
32564478,107,1,3025.16,1,Regular Customers
32585389,114,2,6848.08,0,Loyal Customers
32595806,299,1,1628.06,3,At Risk Customers
32635818,42,2,4563.68,1,Regular Customers
32656885,124,1,1540.06,1,Regular Customers
32797235,11,4,8139.77,0,Loyal Customers
32809328,93,2,709.82,1,Regular Customers
32830199,7,4,7668.9,0,Loyal Customers
32868927,103,1,634.28,1,Regular Customers
32929817,71,2,3955.4,1,Regular Customers
32987624,55,4,8339.880000000001,0,Loyal Customers
33034249,404,2,6554.719999999999,3,At Risk Customers
33280073,445,1,989.77,3,At Risk Customers
33295496,41,1,3502.77,1,Regular Customers
33331259,147,4,9616.06,2,Premium Customers
33370343,464,1,3570.08,3,At Risk Customers
33472376,76,2,7828.88,0,Loyal Customers
33481252,463,4,9717.52,0,Loyal Customers
33544355,311,2,5835.950000000001,3,At Risk Customers
33608451,508,1,3352.28,3,At Risk Customers
33617546,58,1,4428.29,1,Regular Customers
33651554,38,2,9397.900000000001,0,Loyal Customers
33658749,262,2,1056.98,1,Regular Customers
33675108,23,4,5719.780000000001,0,Loyal Customers
33685414,402,2,2138.62,3,At Risk Customers
33706378,189,2,6896.68,0,Loyal Customers
33741801,20,3,9840.46,0,Loyal Customers
33871107,156,3,10453.99,0,Loyal Customers
33998721,135,1,3038.93,1,Regular Customers
34074184,324,1,1492.14,3,At Risk Customers
34095555,281,4,6863.509999999999,0,Loyal Customers
34156884,427,2,1794.35,3,At Risk Customers
34237583,81,3,7363.0,0,Loyal Customers
34281470,142,3,7879.1900000000005,0,Loyal Customers
34381941,432,1,2310.95,3,At Risk Customers
34425723,101,1,890.42,1,Regular Customers
34526442,18,1,4073.52,1,Regular Customers
34526570,394,2,1185.52,3,At Risk Customers
34567918,2,3,6555.66,0,Loyal Customers
34580200,543,1,2174.92,3,At Risk Customers
34588087,376,2,6688.84,3,At Risk Customers
34655710,94,3,3258.98,1,Regular Customers
34668988,39,4,6715.21,0,Loyal Customers
34697768,530,1,3293.03,3,At Risk Customers
34713143,429,1,2577.7,3,At Risk Customers
34755436,162,3,7746.73,0,Loyal Customers
34761418,398,1,2457.2,3,At Risk Customers
34768050,187,2,5012.68,1,Regular Customers
34787383,116,4,3963.5200000000004,0,Loyal Customers
34835738,89,3,9399.95,0,Loyal Customers
34839913,117,3,7986.43,0,Loyal Customers
34853377,79,3,4021.03,0,Loyal Customers
34897081,156,2,4763.95,1,Regular Customers
35049420,120,1,3483.31,1,Regular Customers
35133191,235,1,1725.22,1,Regular Customers
35144658,483,1,3834.36,3,At Risk Customers
35156679,145,3,6666.26,0,Loyal Customers
35237846,170,1,2010.17,1,Regular Customers
35278126,470,2,5868.7,3,At Risk Customers
35302195,56,2,2391.94,1,Regular Customers
35349582,116,2,3572.83,1,Regular Customers
35358395,91,3,6296.38,0,Loyal Customers
35402531,67,2,5781.3,1,Regular Customers
35434373,317,3,5418.07,0,Loyal Customers
35435896,196,1,1714.38,1,Regular Customers
35455991,402,2,4867.96,3,At Risk Customers
35459748,17,3,6500.9400000000005,0,Loyal Customers
35554129,90,2,6012.49,1,Regular Customers
35690581,213,2,5990.57,0,Loyal Customers
35705377,268,3,5952.07,0,Loyal Customers
35782051,36,2,7050.12,0,Loyal Customers
35812567,253,1,3043.32,1,Regular Customers
35826539,409,3,11471.11,0,Loyal Customers
35885052,41,2,2179.77,1,Regular Customers
35912599,29,4,7142.09,0,Loyal Customers
35988028,283,4,8451.94,0,Loyal Customers
36142455,45,3,7136.389999999999,0,Loyal Customers
36146306,40,3,4584.62,0,Loyal Customers
36400756,131,3,9050.31,0,Loyal Customers
36428139,596,2,3897.2299999999996,3,At Risk Customers
36462363,305,1,261.03,3,At Risk Customers
36517334,315,2,1359.21,3,At Risk Customers
36578947,4,2,2857.45,1,Regular Customers
36587003,494,1,1765.22,3,At Risk Customers
36675827,215,2,5605.43,1,Regular Customers
36737539,185,4,11578.98,2,Premium Customers
36774480,142,2,3180.26,1,Regular Customers
36833857,51,4,10131.82,2,Premium Customers
36885115,476,1,1363.04,3,At Risk Customers
36998375,147,2,5234.9,1,Regular Customers
37054866,153,1,4269.53,1,Regular Customers
37095171,48,3,4820.25,0,Loyal Customers
37227953,4,1,1735.7,1,Regular Customers
37245065,56,2,2856.0499999999997,1,Regular Customers
37288781,277,1,2685.25,3,At Risk Customers
37309023,17,3,2086.66,1,Regular Customers
37362180,220,2,4985.01,1,Regular Customers
37551429,156,2,2874.26,1,Regular Customers
37556526,207,4,8836.16,0,Loyal Customers
37633848,313,1,3820.42,3,At Risk Customers
37691544,54,4,9006.79,0,Loyal Customers
37702698,172,2,5073.92,1,Regular Customers
37759707,17,3,8319.23,0,Loyal Customers
37802267,385,1,927.52,3,At Risk Customers
37904682,517,1,2010.82,3,At Risk Customers
37915052,438,1,3949.87,3,At Risk Customers
37926207,344,1,2762.95,3,At Risk Customers
37947202,244,5,10890.86,2,Premium Customers
38133873,123,2,1851.25,1,Regular Customers
38244021,225,1,1666.68,1,Regular Customers
38327793,167,2,6476.04,0,Loyal Customers
38420886,70,6,11511.92,2,Premium Customers
38478423,130,2,2499.99,1,Regular Customers
38496400,10,2,3703.6899999999996,1,Regular Customers
38568692,357,1,1723.54,3,At Risk Customers
38613295,254,1,580.18,1,Regular Customers
38613642,187,3,7771.629999999999,0,Loyal Customers
38615653,11,2,4027.2,1,Regular Customers
38671747,358,2,5092.18,3,At Risk Customers
38694209,402,1,3043.5,3,At Risk Customers
38709137,294,1,2128.54,3,At Risk Customers
38728779,251,2,4163.94,1,Regular Customers
38780509,24,1,940.61,1,Regular Customers
38808614,273,2,7207.4,0,Loyal Customers
38875754,153,4,6192.0599999999995,0,Loyal Customers
38902193,217,4,9443.15,0,Loyal Customers
38902882,65,3,12254.12,2,Premium Customers
38969732,44,4,12006.61,2,Premium Customers
39042103,100,3,7619.79,0,Loyal Customers
39093069,95,3,7418.35,0,Loyal Customers
39140039,82,2,4574.13,1,Regular Customers
39150258,12,1,1858.93,1,Regular Customers
39153585,100,3,4411.3,0,Loyal Customers
39301587,157,1,236.51,1,Regular Customers
39317905,117,2,3816.8500000000004,1,Regular Customers
39418109,177,2,4916.9400000000005,1,Regular Customers
39423691,376,1,3130.27,3,At Risk Customers
39645619,152,1,1039.32,1,Regular Customers
39674723,175,3,4470.11,0,Loyal Customers
39717448,157,2,4002.12,1,Regular Customers
39957741,61,2,4925.2699999999995,1,Regular Customers
39959491,43,1,1685.01,1,Regular Customers
39976965,140,2,2278.81,1,Regular Customers
39999278,374,1,5770.21,3,At Risk Customers
40055711,146,3,8654.36,0,Loyal Customers
40085705,286,2,4913.09,3,At Risk Customers
40117357,120,1,2915.52,1,Regular Customers
40192266,256,3,6577.049999999999,0,Loyal Customers
40256341,278,1,1477.71,3,At Risk Customers
40275138,22,3,2148.3,1,Regular Customers
40277444,185,3,8473.16,0,Loyal Customers
40305293,148,3,5259.43,0,Loyal Customers
40387944,251,2,2641.26,1,Regular Customers
40392019,274,4,9763.560000000001,0,Loyal Customers
40419593,32,1,225.21,1,Regular Customers
40434527,187,2,3992.71,1,Regular Customers
40563029,560,2,5539.73,3,At Risk Customers
40587811,4,3,8842.439999999999,0,Loyal Customers
40593638,199,2,4534.24,1,Regular Customers
40626729,21,1,1613.11,1,Regular Customers
40643232,160,2,1925.01,1,Regular Customers
40667183,48,1,3587.82,1,Regular Customers
40692378,515,1,2330.28,3,At Risk Customers
40703374,365,4,6549.45,0,Loyal Customers
40727086,87,4,10896.45,2,Premium Customers
40841791,135,2,6226.97,0,Loyal Customers
40858753,93,2,3018.44,1,Regular Customers
40871915,403,2,3699.7799999999997,3,At Risk Customers
40986000,364,1,4191.3,3,At Risk Customers
41008070,85,3,6387.64,0,Loyal Customers
41073776,281,2,6054.68,0,Loyal Customers
41146001,336,2,1928.0500000000002,3,At Risk Customers
41155125,140,4,9806.86,2,Premium Customers
41164215,141,4,10050.22,2,Premium Customers
41168392,26,2,2810.94,1,Regular Customers
41181125,5,2,6007.15,1,Regular Customers
41194825,421,3,6905.38,3,At Risk Customers
41261495,56,2,2268.73,1,Regular Customers
41395224,288,1,2419.46,3,At Risk Customers
41439103,267,1,2655.22,3,At Risk Customers
41494517,403,2,845.02,3,At Risk Customers
41494867,278,2,3124.71,3,At Risk Customers
41612464,72,1,1380.66,1,Regular Customers
41640262,131,6,12760.74,2,Premium Customers
41647393,79,3,3735.06,0,Loyal Customers
41811800,167,2,2183.48,1,Regular Customers
41874489,182,3,9818.12,0,Loyal Customers
41878908,359,4,8718.880000000001,0,Loyal Customers
41972994,267,2,4990.3099999999995,1,Regular Customers
42012717,118,4,10936.029999999999,2,Premium Customers
42102289,6,3,6385.790000000001,0,Loyal Customers
42208242,9,4,9151.630000000001,2,Premium Customers
42227189,245,2,3897.6400000000003,1,Regular Customers
42262168,55,3,4332.24,0,Loyal Customers
42272393,263,1,785.67,3,At Risk Customers
42366724,28,4,7475.61,0,Loyal Customers
42432226,82,2,885.89,1,Regular Customers
42465414,107,2,2606.2799999999997,1,Regular Customers
42514124,281,3,2630.01,1,Regular Customers
42589311,197,2,5880.030000000001,0,Loyal Customers
42615134,386,1,3371.28,3,At Risk Customers
42723554,159,5,11873.06,2,Premium Customers
42781544,112,2,5595.24,1,Regular Customers
42872865,9,1,474.34,1,Regular Customers
42989999,21,3,9290.13,0,Loyal Customers
43034188,38,2,3713.6400000000003,1,Regular Customers
43052303,21,4,11138.18,2,Premium Customers
43066953,349,1,2839.24,3,At Risk Customers
43243913,398,1,993.86,3,At Risk Customers
43256928,162,3,9976.9,0,Loyal Customers
43295656,2,4,8914.42,2,Premium Customers
43307488,183,1,261.03,1,Regular Customers
43367112,270,3,5273.8,0,Loyal Customers
43377076,106,2,2558.88,1,Regular Customers
43431724,373,2,4608.03,3,At Risk Customers
43459807,346,1,123.74,3,At Risk Customers
43518622,157,2,4672.7,1,Regular Customers
43519553,161,1,1441.0,1,Regular Customers
43599910,5,3,5339.900000000001,0,Loyal Customers
43784632,77,3,8887.32,0,Loyal Customers
43799224,13,2,765.27,1,Regular Customers
43860025,394,2,6861.129999999999,3,At Risk Customers
43980719,88,1,785.67,1,Regular Customers
43990799,22,3,8492.64,0,Loyal Customers
44030130,14,3,5423.54,0,Loyal Customers
44050697,235,3,5277.45,0,Loyal Customers
44139071,302,2,2687.67,3,At Risk Customers
44149982,116,4,7984.5,0,Loyal Customers
44174426,515,1,3064.36,3,At Risk Customers
44198187,444,1,2313.22,3,At Risk Customers
44223796,35,4,11971.46,2,Premium Customers
44269569,48,3,4768.969999999999,0,Loyal Customers
44409533,122,4,11653.05,2,Premium Customers
44410149,171,6,17552.69,2,Premium Customers
44477365,186,2,4676.85,1,Regular Customers
44557943,425,2,6674.71,3,At Risk Customers
44562310,394,3,7461.76,0,Loyal Customers
44589829,114,4,8865.85,0,Loyal Customers
44723662,441,2,4433.79,3,At Risk Customers
44776601,136,2,3678.3100000000004,1,Regular Customers
44828791,89,4,4878.8099999999995,0,Loyal Customers
44859592,103,1,755.91,1,Regular Customers
44888581,38,2,2291.55,1,Regular Customers
44928499,475,2,3858.51,3,At Risk Customers
45028365,313,2,6351.75,3,At Risk Customers
45033270,84,1,3702.6,1,Regular Customers
45052594,165,3,8936.66,0,Loyal Customers
45066676,34,3,7158.5,0,Loyal Customers
45071436,275,2,2971.48,3,At Risk Customers
45166203,186,4,8987.42,0,Loyal Customers
45314389,34,2,5199.04,1,Regular Customers
45323391,121,3,7664.27,0,Loyal Customers
45383958,255,1,1460.67,1,Regular Customers
45477575,43,5,13118.19,2,Premium Customers
45481936,81,2,3280.21,1,Regular Customers
45546750,269,1,2229.88,3,At Risk Customers
45586151,149,3,7338.889999999999,0,Loyal Customers
45659330,239,3,5961.19,0,Loyal Customers
45700473,299,3,10020.130000000001,0,Loyal Customers
45700739,214,2,7376.91,0,Loyal Customers
45708879,21,3,5857.36,0,Loyal Customers
45804389,118,3,8838.9,0,Loyal Customers
45868300,151,3,7800.889999999999,0,Loyal Customers
46023497,142,1,325.08,1,Regular Customers
46088132,253,1,242.57,1,Regular Customers
46185579,23,4,7882.88,0,Loyal Customers
46208150,140,4,7588.48,0,Loyal Customers
46313756,194,3,2952.84,1,Regular Customers
46378942,408,1,3988.44,3,At Risk Customers
46504355,339,5,13419.51,2,Premium Customers
46515922,10,1,3639.83,1,Regular Customers
46563355,37,2,5300.42,1,Regular Customers
46564935,328,1,3751.55,3,At Risk Customers
46615831,267,3,9938.48,0,Loyal Customers
46623192,132,6,11109.06,2,Premium Customers
46629917,221,3,8056.88,0,Loyal Customers
46675763,345,2,4202.82,3,At Risk Customers
46682777,485,1,765.76,3,At Risk Customers
46684081,268,1,1131.6,3,At Risk Customers
46686696,19,3,5359.65,0,Loyal Customers
46699982,322,4,10340.96,2,Premium Customers
46717997,29,3,10379.449999999999,0,Loyal Customers
46741896,25,4,8038.16,0,Loyal Customers
46802633,16,2,3277.21,1,Regular Customers
46828932,538,1,1517.0,3,At Risk Customers
46836361,30,2,4058.95,1,Regular Customers
46848302,537,2,3861.0299999999997,3,At Risk Customers
46875863,32,4,7450.38,0,Loyal Customers
46876240,72,3,8896.759999999998,0,Loyal Customers
46885873,176,2,5424.1,1,Regular Customers
46989310,72,4,7205.179999999999,0,Loyal Customers
47043878,188,2,2753.4,1,Regular Customers
47125914,304,2,4103.79,3,At Risk Customers
47206881,340,3,6232.05,0,Loyal Customers
47215976,105,3,2886.0699999999997,1,Regular Customers
47274329,297,4,6683.5199999999995,0,Loyal Customers
47295676,334,2,4273.62,3,At Risk Customers
47387512,401,1,2943.17,3,At Risk Customers
47503133,235,3,5516.1,0,Loyal Customers
47515046,514,2,1518.97,3,At Risk Customers
47577193,69,3,6003.39,0,Loyal Customers
47590944,126,3,6441.05,0,Loyal Customers
47618810,423,2,3748.98,3,At Risk Customers
47625855,20,6,13056.68,2,Premium Customers
47822591,555,1,3090.86,3,At Risk Customers
47939657,29,2,4656.0599999999995,1,Regular Customers
47955004,282,3,6545.39,0,Loyal Customers
47990044,180,1,77.11,1,Regular Customers
48002829,109,2,5469.88,1,Regular Customers
48033969,118,2,2105.79,1,Regular Customers
48150243,158,2,4652.2699999999995,1,Regular Customers
48158494,541,2,6011.42,3,At Risk Customers
48160359,320,2,6188.9400000000005,3,At Risk Customers
48167795,62,2,913.17,1,Regular Customers
48228547,179,4,7583.370000000001,0,Loyal Customers
48268435,45,2,1998.25,1,Regular Customers
48281892,130,4,11845.080000000002,2,Premium Customers
48284116,350,2,3489.5,3,At Risk Customers
48358028,82,3,5875.049999999999,0,Loyal Customers
48409448,168,2,6846.049999999999,0,Loyal Customers
48418662,20,4,5656.85,0,Loyal Customers
48481702,80,1,3323.75,1,Regular Customers
48511124,204,2,6484.73,0,Loyal Customers
48554440,137,3,7958.889999999999,0,Loyal Customers
48716374,322,2,4296.87,3,At Risk Customers
48730063,331,2,3473.02,3,At Risk Customers
48765625,125,1,1172.69,1,Regular Customers
48776805,29,3,9272.96,0,Loyal Customers
48778633,394,3,8076.2,0,Loyal Customers
48943848,310,2,6554.45,3,At Risk Customers
49050014,220,2,6662.75,0,Loyal Customers
49117070,70,1,2925.56,1,Regular Customers
49136375,31,4,7024.070000000001,0,Loyal Customers
49147776,74,3,3719.06,0,Loyal Customers
49152878,112,4,7062.54,0,Loyal Customers
49241309,246,2,3826.61,1,Regular Customers
49258916,572,1,1706.73,3,At Risk Customers
49260858,552,1,6161.48,3,At Risk Customers
49371494,320,2,2126.19,3,At Risk Customers
49433260,111,5,11243.23,2,Premium Customers
49449238,143,2,7182.92,0,Loyal Customers
49457685,235,1,3773.85,1,Regular Customers
49529811,235,4,8486.37,0,Loyal Customers
49617531,484,2,5621.07,3,At Risk Customers
49617892,18,3,9000.82,0,Loyal Customers
49756591,255,3,3610.2799999999997,0,Loyal Customers
49769532,331,1,3321.85,3,At Risk Customers
49795571,3,3,3930.92,0,Loyal Customers
49806393,246,4,9396.95,0,Loyal Customers
49833888,379,1,3541.32,3,At Risk Customers
49869358,151,1,367.08,1,Regular Customers
49881540,352,2,1947.05,3,At Risk Customers
49915498,291,1,3928.0,3,At Risk Customers
49970560,52,3,6762.54,0,Loyal Customers
49985597,50,2,7589.110000000001,0,Loyal Customers
50015282,52,2,5764.72,1,Regular Customers
50045027,397,1,530.85,3,At Risk Customers
50080663,70,3,10163.05,0,Loyal Customers
50105174,523,2,5779.78,3,At Risk Customers
50229203,12,2,2761.32,1,Regular Customers
50392139,335,1,1711.61,3,At Risk Customers
50484778,421,1,866.17,3,At Risk Customers
50518311,297,2,5082.860000000001,3,At Risk Customers
50527764,542,1,1246.63,3,At Risk Customers
50557979,126,4,5534.78,0,Loyal Customers
50572914,562,2,3905.92,3,At Risk Customers
50630016,135,2,2090.87,1,Regular Customers
50632192,229,3,2440.08,1,Regular Customers
50650215,432,1,827.77,3,At Risk Customers
50652909,380,1,2232.88,3,At Risk Customers
50680889,239,1,2783.74,1,Regular Customers
50760752,142,2,3769.99,1,Regular Customers
50781611,117,3,6601.93,0,Loyal Customers
50899600,110,4,8847.029999999999,0,Loyal Customers
50953418,423,2,4712.32,3,At Risk Customers
50968312,236,3,7064.82,0,Loyal Customers
51014003,385,2,9232.39,0,Loyal Customers
51034600,64,2,2828.56,1,Regular Customers
51040116,330,1,4749.99,3,At Risk Customers
51048402,234,2,5004.84,1,Regular Customers
51119088,153,4,7332.24,0,Loyal Customers
51174875,17,2,4454.110000000001,1,Regular Customers
51341672,38,3,10981.470000000001,0,Loyal Customers
51387106,102,1,1086.27,1,Regular Customers
51476157,1,4,10251.23,2,Premium Customers
51503088,333,3,6078.179999999999,0,Loyal Customers
51544662,258,2,1622.98,1,Regular Customers
51547198,202,1,4476.55,1,Regular Customers
51556553,175,1,1817.16,1,Regular Customers
51557673,203,1,4360.12,1,Regular Customers
51592174,311,3,7128.070000000001,0,Loyal Customers
51661209,17,5,8966.91,2,Premium Customers
51669263,244,3,8612.51,0,Loyal Customers
51670882,163,5,7824.92,2,Premium Customers
51812283,353,1,486.28,3,At Risk Customers
51833636,307,2,4315.46,3,At Risk Customers
51872499,98,2,4379.29,1,Regular Customers
51945420,223,2,6377.08,0,Loyal Customers
51994597,3,2,2173.31,1,Regular Customers
52001314,318,2,5857.89,3,At Risk Customers
52032226,185,2,4486.23,1,Regular Customers
52048413,227,1,1705.95,1,Regular Customers
52075070,87,2,3392.0,1,Regular Customers
52085702,12,4,12120.060000000001,2,Premium Customers
52215833,246,2,5073.74,1,Regular Customers
52279849,483,1,2411.61,3,At Risk Customers
52337289,595,1,2368.0,3,At Risk Customers
52409516,14,4,6936.84,0,Loyal Customers
52417972,136,3,3286.6,0,Loyal Customers
52428250,33,3,8223.27,0,Loyal Customers
52613657,63,2,5728.15,1,Regular Customers
52672659,209,1,1416.18,1,Regular Customers
52678787,15,1,3045.23,1,Regular Customers
52757321,43,4,10904.550000000001,2,Premium Customers
52770036,294,3,3295.67,0,Loyal Customers
52815265,595,1,171.2,3,At Risk Customers
52862822,268,1,1487.29,3,At Risk Customers
52913011,72,2,8561.24,0,Loyal Customers
52915166,306,1,309.62,3,At Risk Customers
53025962,10,2,3490.16,1,Regular Customers
53076417,360,2,3477.4399999999996,3,At Risk Customers
53100521,170,1,1648.07,1,Regular Customers
53292177,324,3,7854.63,0,Loyal Customers
53299455,82,3,6836.58,0,Loyal Customers
53332493,59,3,4858.98,0,Loyal Customers
53354003,152,2,1869.52,1,Regular Customers
53392567,398,2,4074.54,3,At Risk Customers
53399500,64,1,1063.23,1,Regular Customers
53538932,185,2,5659.54,1,Regular Customers
53557741,257,1,3092.96,1,Regular Customers
53624677,48,3,4187.16,0,Loyal Customers
53636086,31,4,7190.31,0,Loyal Customers
53640286,35,2,2495.75,1,Regular Customers
53782978,536,1,4111.84,3,At Risk Customers
53815931,352,1,267.29,3,At Risk Customers
53974737,94,2,4973.0599999999995,1,Regular Customers
54038173,258,1,2490.79,1,Regular Customers
54057428,63,1,2115.53,1,Regular Customers
54139038,50,3,7368.82,0,Loyal Customers
54145987,23,3,3310.69,1,Regular Customers
54216497,418,1,2373.52,3,At Risk Customers
54222320,502,2,4402.1,3,At Risk Customers
54338574,101,2,3370.0499999999997,1,Regular Customers
54347213,192,2,2795.96,1,Regular Customers
54375571,423,1,1440.56,3,At Risk Customers
54580166,137,3,5749.05,0,Loyal Customers
54619715,313,2,1149.58,3,At Risk Customers
54680459,371,1,1075.43,3,At Risk Customers
54730270,63,4,7085.34,0,Loyal Customers
54748429,52,2,7270.75,0,Loyal Customers
54797119,131,3,4498.860000000001,0,Loyal Customers
54799731,395,1,5349.56,3,At Risk Customers
54837637,393,1,385.71,3,At Risk Customers
54877984,204,2,5168.5,1,Regular Customers
54885705,246,2,703.5400000000001,1,Regular Customers
54893418,493,2,4660.0599999999995,3,At Risk Customers
54923640,3,6,12495.95,2,Premium Customers
54952806,75,3,6396.4800000000005,0,Loyal Customers
55007963,60,1,209.59,1,Regular Customers
55028958,262,3,7614.450000000001,0,Loyal Customers
55042740,219,3,7051.07,0,Loyal Customers
55056284,236,2,3036.2200000000003,1,Regular Customers
55060796,214,3,7652.209999999999,0,Loyal Customers
55094848,192,1,3867.53,1,Regular Customers
55170753,10,2,1902.71,1,Regular Customers
55278329,404,1,552.2,3,At Risk Customers
55404382,4,2,2527.5099999999998,1,Regular Customers
55425478,44,3,7458.530000000001,0,Loyal Customers
55472026,49,2,2277.77,1,Regular Customers
55552600,442,1,2140.11,3,At Risk Customers
55693909,277,3,5566.26,0,Loyal Customers
55733729,122,1,959.01,1,Regular Customers
55803572,297,1,2551.93,3,At Risk Customers
55936462,219,1,1179.35,1,Regular Customers
55971849,321,2,4826.1,3,At Risk Customers
56195475,66,3,4916.95,0,Loyal Customers
56248757,68,1,464.47,1,Regular Customers
56250563,466,1,2440.73,3,At Risk Customers
56352626,420,1,1367.96,3,At Risk Customers
56441247,304,4,7330.14,0,Loyal Customers
56457995,50,2,5213.209999999999,1,Regular Customers
56480776,154,1,1614.08,1,Regular Customers
56548063,70,3,7606.91,0,Loyal Customers
56572297,159,3,11719.01,0,Loyal Customers
56604077,69,2,3869.38,1,Regular Customers
56764791,498,1,2172.56,3,At Risk Customers
56780331,313,3,9976.630000000001,0,Loyal Customers
57063557,441,1,1686.55,3,At Risk Customers
57081917,4,5,12293.97,2,Premium Customers
57102800,94,3,3594.1499999999996,0,Loyal Customers
57207678,138,1,726.41,1,Regular Customers
57213543,446,1,1277.83,3,At Risk Customers
57217288,96,1,3297.69,1,Regular Customers
57291761,10,6,14216.08,2,Premium Customers
57331847,178,2,5284.84,1,Regular Customers
57340963,117,4,5399.1,0,Loyal Customers
57360162,112,3,3364.6899999999996,0,Loyal Customers
57392064,201,4,7425.65,0,Loyal Customers
57474553,11,2,5240.55,1,Regular Customers
57505804,41,3,6342.46,0,Loyal Customers
57523973,141,3,4256.13,0,Loyal Customers
57526322,23,4,8332.82,0,Loyal Customers
57537308,116,3,7737.799999999999,0,Loyal Customers
57548210,373,1,3915.04,3,At Risk Customers
57566548,19,3,2819.8599999999997,1,Regular Customers
57579640,4,1,2687.31,1,Regular Customers
57642258,72,3,3185.52,1,Regular Customers
57658033,505,2,3981.4700000000003,3,At Risk Customers
57662767,39,2,1858.6200000000001,1,Regular Customers
57674875,291,2,3752.47,3,At Risk Customers
57765367,244,2,3262.34,1,Regular Customers
57770044,56,2,1712.82,1,Regular Customers
57833505,307,5,9241.06,2,Premium Customers
57892837,228,3,5299.0,0,Loyal Customers
57896058,462,1,1583.71,3,At Risk Customers
57956497,325,2,4757.639999999999,3,At Risk Customers
57967753,41,3,8039.05,0,Loyal Customers
58085779,421,1,435.48,3,At Risk Customers
58111297,56,3,8053.83,0,Loyal Customers
58115779,287,2,966.15,3,At Risk Customers
58152923,367,1,2125.71,3,At Risk Customers
58170168,7,3,5654.0,0,Loyal Customers
58214883,189,2,2231.31,1,Regular Customers
58415368,548,1,2564.44,3,At Risk Customers
58505903,75,2,2073.37,1,Regular Customers
58513300,106,2,2271.58,1,Regular Customers
58631874,187,1,782.49,1,Regular Customers
58644651,217,3,6381.86,0,Loyal Customers
58873572,517,1,1076.03,3,At Risk Customers
58929595,92,2,3564.0,1,Regular Customers
58942207,425,2,5251.36,3,At Risk Customers
58974323,162,2,5648.97,1,Regular Customers
58979427,32,2,6215.77,1,Regular Customers
59009727,177,2,4736.46,1,Regular Customers
59094034,108,4,9079.13,0,Loyal Customers
59095971,72,1,4650.66,1,Regular Customers
59110513,20,4,10685.57,2,Premium Customers
59141605,49,3,948.6700000000001,1,Regular Customers
59197894,56,1,723.44,1,Regular Customers
59207798,47,2,5040.84,1,Regular Customers
59216664,40,2,5123.139999999999,1,Regular Customers
59222551,421,1,3655.01,3,At Risk Customers
59240916,226,2,6671.09,0,Loyal Customers
59252433,42,4,7848.87,0,Loyal Customers
59323931,326,1,698.04,3,At Risk Customers
59329145,117,4,14225.1,2,Premium Customers
59345983,272,1,674.39,3,At Risk Customers
59353207,91,2,1909.75,1,Regular Customers
59398136,23,4,10547.220000000001,2,Premium Customers
59427862,439,1,1036.64,3,At Risk Customers
59436131,299,4,9359.23,0,Loyal Customers
59485034,36,2,9503.810000000001,0,Loyal Customers
59517074,214,1,3075.26,1,Regular Customers
59518795,96,3,4678.36,0,Loyal Customers
59545278,173,3,3392.63,0,Loyal Customers
59619739,381,1,1657.57,3,At Risk Customers
59620534,76,4,9923.01,2,Premium Customers
59643062,282,1,3566.13,3,At Risk Customers
59677346,169,2,4194.46,1,Regular Customers
59769142,53,2,3362.38,1,Regular Customers
59815512,186,2,6177.29,0,Loyal Customers
59830126,13,1,2656.43,1,Regular Customers
59840071,259,2,5789.88,0,Loyal Customers
59890331,59,3,13128.75,2,Premium Customers
59909004,139,1,1620.95,1,Regular Customers
59930550,150,1,645.44,1,Regular Customers
60049160,62,2,767.08,1,Regular Customers
60062501,160,2,7537.04,0,Loyal Customers
60210778,231,1,1439.58,1,Regular Customers
60275891,321,1,3494.17,3,At Risk Customers
60300263,375,2,6064.709999999999,3,At Risk Customers
60319216,447,2,6140.18,3,At Risk Customers
60371334,268,2,5164.37,1,Regular Customers
60379302,274,2,5492.92,3,At Risk Customers
60385293,279,3,8115.98,0,Loyal Customers
60399360,49,2,3447.12,1,Regular Customers
60446619,76,2,4460.76,1,Regular Customers
60495351,111,3,4785.81,0,Loyal Customers
60561655,309,2,6304.11,3,At Risk Customers
60565603,135,2,1006.19,1,Regular Customers
60591625,23,1,906.54,1,Regular Customers
60620291,105,2,4101.55,1,Regular Customers
60656482,323,3,4095.76,0,Loyal Customers
60698094,150,3,7814.4400000000005,0,Loyal Customers
60700850,327,2,3452.5,3,At Risk Customers
60728956,332,1,1525.5,3,At Risk Customers
60732869,293,3,6090.19,0,Loyal Customers
60757351,234,3,6288.889999999999,0,Loyal Customers
60834500,293,2,4441.56,3,At Risk Customers
60904312,117,3,7823.4,0,Loyal Customers
60967677,30,3,10785.9,0,Loyal Customers
60974181,385,1,160.07,3,At Risk Customers
61002154,550,1,3081.38,3,At Risk Customers
61015113,199,2,2261.55,1,Regular Customers
61024977,286,1,1705.98,3,At Risk Customers
61121421,257,3,5801.36,0,Loyal Customers
61182897,44,1,3752.62,1,Regular Customers
61226563,218,5,16256.419999999998,2,Premium Customers
61226835,280,1,806.56,3,At Risk Customers
61320989,33,4,10461.97,2,Premium Customers
61406908,289,1,4492.32,3,At Risk Customers
61516967,239,3,8423.96,0,Loyal Customers
61522288,102,2,2502.84,1,Regular Customers
61618079,37,6,9178.45,2,Premium Customers
61753272,6,6,14538.67,2,Premium Customers
61763552,256,4,10949.41,2,Premium Customers
61851054,307,2,4015.51,3,At Risk Customers
61877649,107,3,7502.389999999999,0,Loyal Customers
61982521,199,5,10978.46,2,Premium Customers
62068277,201,3,7448.25,0,Loyal Customers
62243869,198,4,7159.55,0,Loyal Customers
62323608,145,4,7286.99,0,Loyal Customers
62416456,13,3,7033.82,0,Loyal Customers
62419778,305,1,1777.65,3,At Risk Customers
62510499,299,2,5077.45,3,At Risk Customers
62526567,39,3,6032.47,0,Loyal Customers
62526813,91,1,2241.22,1,Regular Customers
62541176,197,1,1343.84,1,Regular Customers
62600289,40,4,10054.71,2,Premium Customers
62629494,159,3,4776.84,0,Loyal Customers
62679120,247,3,10117.15,0,Loyal Customers
62742797,235,1,3673.81,1,Regular Customers
62807542,561,2,2916.54,3,At Risk Customers
62816600,107,1,3536.35,1,Regular Customers
62828341,52,1,1826.22,1,Regular Customers
62868582,379,1,2537.11,3,At Risk Customers
62917794,345,2,2624.2799999999997,3,At Risk Customers
62971413,148,2,3390.27,1,Regular Customers
63025744,570,1,477.12,3,At Risk Customers
63060947,355,1,3069.98,3,At Risk Customers
63083547,26,2,1624.6,1,Regular Customers
63092485,564,1,2457.47,3,At Risk Customers
63184222,478,1,2232.82,3,At Risk Customers
63217390,54,1,1634.92,1,Regular Customers
63238941,74,4,10041.33,2,Premium Customers
63262519,239,4,7536.75,0,Loyal Customers
63292875,418,1,1491.21,3,At Risk Customers
63310076,102,5,16014.38,2,Premium Customers
63339001,123,3,4555.17,0,Loyal Customers
63349378,368,1,616.62,3,At Risk Customers
63360864,111,5,12957.21,2,Premium Customers
63368244,37,4,12258.4,2,Premium Customers
63376126,488,1,1592.28,3,At Risk Customers
63402854,159,2,1620.52,1,Regular Customers
63451391,591,1,3934.29,3,At Risk Customers
63571453,154,3,4525.16,0,Loyal Customers
63624332,198,1,3588.19,1,Regular Customers
63630649,246,2,4926.34,1,Regular Customers
63793401,2,3,5836.5599999999995,0,Loyal Customers
63802820,30,4,9875.470000000001,2,Premium Customers
63858550,135,2,2467.0600000000004,1,Regular Customers
63870636,489,1,3988.77,3,At Risk Customers
63948546,151,3,6847.8,0,Loyal Customers
63971358,104,3,5982.360000000001,0,Loyal Customers
64017365,585,1,4138.27,3,At Risk Customers
64106072,522,1,281.73,3,At Risk Customers
64141971,215,5,12516.49,2,Premium Customers
64151769,2,2,4440.4,1,Regular Customers
64162093,119,3,6292.4400000000005,0,Loyal Customers
64197854,232,3,8870.73,0,Loyal Customers
64298209,116,1,4074.16,1,Regular Customers
64316806,70,3,2217.9,1,Regular Customers
64403005,103,1,3112.28,1,Regular Customers
64489709,441,1,786.02,3,At Risk Customers
64497538,181,4,10276.97,2,Premium Customers
64535602,56,3,6909.34,0,Loyal Customers
64562786,19,4,12728.96,2,Premium Customers
64722323,485,1,3606.37,3,At Risk Customers
64748953,448,1,3157.47,3,At Risk Customers
64795608,2,3,8626.23,0,Loyal Customers
64823226,470,1,2704.64,3,At Risk Customers
64846124,216,1,918.45,1,Regular Customers
64906311,126,1,2890.11,1,Regular Customers
64932019,120,2,5715.63,1,Regular Customers
64940409,162,3,6658.51,0,Loyal Customers
65121696,596,1,4549.72,3,At Risk Customers
65134271,174,3,4895.68,0,Loyal Customers
65221572,385,1,2319.65,3,At Risk Customers
65294340,208,3,7535.4800000000005,0,Loyal Customers
65368179,56,1,976.55,1,Regular Customers
65396354,170,1,166.42,1,Regular Customers
65406127,171,3,5464.79,0,Loyal Customers
65426878,170,2,8699.3,0,Loyal Customers
65488134,9,5,14019.67,2,Premium Customers
65514005,87,6,11736.28,2,Premium Customers
65543312,456,1,1438.16,3,At Risk Customers
65559853,31,2,7569.92,0,Loyal Customers
65570302,53,3,5484.88,0,Loyal Customers
65618148,127,2,4899.09,1,Regular Customers
65660660,159,2,3677.6000000000004,1,Regular Customers
65772743,244,1,3268.84,1,Regular Customers
65782437,200,1,1042.86,1,Regular Customers
65815155,25,5,12078.0,2,Premium Customers
65895091,236,3,6834.72,0,Loyal Customers
65903057,122,3,7172.59,0,Loyal Customers
65963876,201,2,7538.68,0,Loyal Customers
66023110,276,3,9023.220000000001,0,Loyal Customers
66130660,552,2,2736.0,3,At Risk Customers
66135710,79,3,5757.45,0,Loyal Customers
66140659,474,1,3268.53,3,At Risk Customers
66233704,228,1,223.27,1,Regular Customers
66252737,408,1,2382.03,3,At Risk Customers
66269844,288,2,2256.9700000000003,3,At Risk Customers
66310963,2,5,13237.19,2,Premium Customers
66354642,61,2,6306.860000000001,0,Loyal Customers
66359719,241,2,4019.24,1,Regular Customers
66427343,84,2,3001.96,1,Regular Customers
66440188,90,1,1019.38,1,Regular Customers
66485571,64,3,7626.970000000001,0,Loyal Customers
66499992,215,2,3003.04,1,Regular Customers
66629497,227,1,1015.2,1,Regular Customers
66655397,149,5,10017.650000000001,2,Premium Customers
66710182,94,1,2094.62,1,Regular Customers
66742602,161,4,10317.86,2,Premium Customers
66761643,47,2,4193.389999999999,1,Regular Customers
66766629,264,3,7452.889999999999,0,Loyal Customers
66768157,51,3,7396.04,0,Loyal Customers
66866026,159,1,2189.02,1,Regular Customers
66886852,44,2,3804.67,1,Regular Customers
66932104,186,4,5446.35,0,Loyal Customers
66943324,70,4,8707.36,0,Loyal Customers
67046342,595,1,932.79,3,At Risk Customers
67092149,93,5,17572.43,2,Premium Customers
67215939,98,4,14771.59,2,Premium Customers
67271824,56,1,1619.89,1,Regular Customers
67277562,261,3,5089.88,0,Loyal Customers
67302239,109,1,4912.61,1,Regular Customers
67310893,152,3,6131.85,0,Loyal Customers
67340606,21,3,7314.89,0,Loyal Customers
67383024,146,2,5385.49,1,Regular Customers
67386193,59,5,6392.8099999999995,0,Loyal Customers
67465084,287,2,2377.08,3,At Risk Customers
67528368,127,1,1031.19,1,Regular Customers
67538982,118,5,10026.4,2,Premium Customers
67696145,103,3,8549.130000000001,0,Loyal Customers
67701771,187,1,1488.19,1,Regular Customers
67708491,5,6,10524.45,2,Premium Customers
67711384,70,2,9392.39,0,Loyal Customers
67729191,11,5,8890.43,2,Premium Customers
67749649,343,1,3778.41,3,At Risk Customers
67829645,127,2,4523.28,1,Regular Customers
67896836,114,1,1080.49,1,Regular Customers
67908555,174,4,11387.84,2,Premium Customers
67918495,90,4,5239.79,0,Loyal Customers
67952740,40,4,4954.51,0,Loyal Customers
68016312,151,3,3320.6499999999996,0,Loyal Customers
68063317,392,2,995.77,3,At Risk Customers
68159723,24,4,15434.41,2,Premium Customers
68219091,221,3,6069.78,0,Loyal Customers
68307253,406,1,763.12,3,At Risk Customers
68341636,7,3,9830.44,0,Loyal Customers
68419593,387,2,4680.06,3,At Risk Customers
68475914,523,2,3005.25,3,At Risk Customers
68486301,254,2,5311.6900000000005,1,Regular Customers
68661619,141,2,6259.3,0,Loyal Customers
68692574,125,2,5627.030000000001,1,Regular Customers
68703613,104,5,13135.67,2,Premium Customers
68714053,444,2,2309.02,3,At Risk Customers
68906393,104,1,2200.67,1,Regular Customers
68939350,579,1,1793.45,3,At Risk Customers
68941950,21,5,11913.11,2,Premium Customers
68965787,55,5,11425.64,2,Premium Customers
68985290,229,2,3652.08,1,Regular Customers
69034027,161,1,832.06,1,Regular Customers
69088723,490,1,1914.81,3,At Risk Customers
69219122,332,2,4952.41,3,At Risk Customers
69240186,179,3,5122.46,0,Loyal Customers
69242672,48,2,6311.469999999999,0,Loyal Customers
69276352,295,2,1097.76,3,At Risk Customers
69339331,115,1,4099.53,1,Regular Customers
69340015,37,2,1174.8600000000001,1,Regular Customers
69353754,310,1,841.61,3,At Risk Customers
69364309,306,2,6956.0,0,Loyal Customers
69415494,235,2,4307.38,1,Regular Customers
69416782,35,2,3755.49,1,Regular Customers
69516494,164,3,7099.84,0,Loyal Customers
69632084,70,2,4657.2699999999995,1,Regular Customers
69749541,330,1,930.92,3,At Risk Customers
69761993,302,3,8021.99,0,Loyal Customers
69762479,386,1,3373.0,3,At Risk Customers
69863493,51,5,15492.15,2,Premium Customers
69908484,86,3,6797.2,0,Loyal Customers
69925688,140,4,8882.31,0,Loyal Customers
70084516,241,1,2662.16,1,Regular Customers
70168151,160,2,7994.02,0,Loyal Customers
70170606,337,1,2054.08,3,At Risk Customers
70220141,355,3,2365.17,3,At Risk Customers
70221073,456,1,1358.19,3,At Risk Customers
70230254,99,2,4482.96,1,Regular Customers
70243933,336,1,3559.69,3,At Risk Customers
70363568,19,4,6582.62,0,Loyal Customers
70372270,134,3,6642.6,0,Loyal Customers
70391758,538,1,1917.36,3,At Risk Customers
70420271,421,1,22.14,3,At Risk Customers
70459847,137,2,5761.030000000001,1,Regular Customers
70529459,218,3,5952.62,0,Loyal Customers
70543108,206,2,4648.37,1,Regular Customers
70589930,344,3,5706.73,0,Loyal Customers
70608515,266,2,6801.099999999999,0,Loyal Customers
70615775,59,2,2701.65,1,Regular Customers
70798876,57,2,4380.4400000000005,1,Regular Customers
70867736,157,3,4243.030000000001,0,Loyal Customers
70965437,284,1,5253.79,3,At Risk Customers
70966268,381,1,1854.55,3,At Risk Customers
70976153,149,3,6204.650000000001,0,Loyal Customers
71176678,550,1,397.68,3,At Risk Customers
71189232,188,2,5030.25,1,Regular Customers
71229024,155,2,3457.68,1,Regular Customers
71235336,76,1,3561.22,1,Regular Customers
71252391,107,5,10725.14,2,Premium Customers
71276926,532,1,2163.69,3,At Risk Customers
71321741,424,2,2959.75,3,At Risk Customers
71411879,568,1,426.72,3,At Risk Customers
71607166,2,2,3816.4300000000003,1,Regular Customers
71615827,291,2,3004.04,3,At Risk Customers
71643758,176,2,8871.59,0,Loyal Customers
71694275,293,3,10365.77,0,Loyal Customers
71755645,368,1,3494.41,3,At Risk Customers
71767248,508,1,1324.37,3,At Risk Customers
71902700,52,4,5110.16,0,Loyal Customers
71905368,168,2,3753.5499999999997,1,Regular Customers
71956734,5,2,5158.580000000001,1,Regular Customers
72089140,19,3,8937.7,0,Loyal Customers
72132838,178,2,5931.5,0,Loyal Customers
72164737,346,1,4216.31,3,At Risk Customers
72263318,135,2,3494.55,1,Regular Customers
72359843,452,1,367.08,3,At Risk Customers
72366758,345,4,4550.91,0,Loyal Customers
72415263,398,2,6571.18,3,At Risk Customers
72489544,204,3,7261.15,0,Loyal Customers
72495274,592,1,2656.18,3,At Risk Customers
72564495,36,1,1969.21,1,Regular Customers
72576730,344,2,2865.75,3,At Risk Customers
72605638,48,3,3444.55,1,Regular Customers
72667140,423,1,5768.29,3,At Risk Customers
72675976,69,1,831.43,1,Regular Customers
72702075,233,1,1388.01,1,Regular Customers
72797175,113,1,1073.16,1,Regular Customers
72857290,213,2,2464.31,1,Regular Customers
72889295,87,3,6012.14,0,Loyal Customers
72942753,161,1,3679.63,1,Regular Customers
72946405,186,3,5012.67,0,Loyal Customers
73061709,45,2,3768.99,1,Regular Customers
73098723,531,1,90.56,3,At Risk Customers
73363613,92,4,4434.17,0,Loyal Customers
73377004,6,4,8046.47,0,Loyal Customers
73392739,187,3,11129.71,0,Loyal Customers
73393269,39,4,6583.01,0,Loyal Customers
73428596,68,2,5981.1,1,Regular Customers
73586244,461,1,1266.44,3,At Risk Customers
73639935,58,2,5174.69,1,Regular Customers
73660582,23,3,6049.54,0,Loyal Customers
73661993,118,2,1715.1000000000001,1,Regular Customers
73679086,115,1,197.39,1,Regular Customers
73735548,153,1,2117.45,1,Regular Customers
73799927,6,4,9901.48,2,Premium Customers
73807097,24,1,724.84,1,Regular Customers
73869823,208,3,6344.320000000001,0,Loyal Customers
73891999,37,1,626.67,1,Regular Customers
73933840,466,1,3936.23,3,At Risk Customers
74038361,203,2,7563.71,0,Loyal Customers
74172010,211,3,8787.67,0,Loyal Customers
74174956,185,3,5076.7699999999995,0,Loyal Customers
74179536,108,4,7290.41,0,Loyal Customers
74195536,316,1,2120.77,3,At Risk Customers
74212242,6,3,4207.53,0,Loyal Customers
74230420,73,3,7015.4800000000005,0,Loyal Customers
74231111,125,2,4488.46,1,Regular Customers
74313592,85,3,9248.8,0,Loyal Customers
74515162,508,1,1394.47,3,At Risk Customers
74548003,304,1,212.14,3,At Risk Customers
74572121,198,1,2840.82,1,Regular Customers
74682740,116,4,9062.53,0,Loyal Customers
74694186,156,2,6031.59,0,Loyal Customers
74735607,101,2,6595.360000000001,0,Loyal Customers
74761384,210,2,2905.6000000000004,1,Regular Customers
74762653,148,1,3473.22,1,Regular Customers
74833221,313,1,2926.98,3,At Risk Customers
74840437,455,1,2939.42,3,At Risk Customers
75028268,425,1,340.36,3,At Risk Customers
75038062,59,2,5740.73,1,Regular Customers
75081265,335,2,3990.34,3,At Risk Customers
75082508,191,3,7484.4400000000005,0,Loyal Customers
75213636,25,7,10038.08,2,Premium Customers
75244116,217,5,16182.09,2,Premium Customers
75289676,195,2,6811.13,0,Loyal Customers
75464725,334,2,5185.299999999999,3,At Risk Customers
75467328,319,1,3963.84,3,At Risk Customers
75474920,284,2,4173.9400000000005,3,At Risk Customers
75490147,70,2,2460.89,1,Regular Customers
75510747,141,4,8225.65,0,Loyal Customers
75566105,485,2,2725.29,3,At Risk Customers
75632045,15,2,7000.73,0,Loyal Customers
75640174,36,2,5191.6900000000005,1,Regular Customers
75674671,57,2,6774.51,0,Loyal Customers
75739462,43,5,8262.1,2,Premium Customers
75752515,316,2,9433.029999999999,0,Loyal Customers
75828735,26,1,5094.56,1,Regular Customers
75836905,285,3,4070.87,0,Loyal Customers
75860724,81,2,2004.67,1,Regular Customers
75892474,412,2,4375.78,3,At Risk Customers
75913572,38,3,5884.610000000001,0,Loyal Customers
75928073,70,4,10030.96,2,Premium Customers
75944533,15,1,316.02,1,Regular Customers
75984768,277,2,6692.84,0,Loyal Customers
76008165,486,1,1474.48,3,At Risk Customers
76019750,204,1,4495.56,1,Regular Customers
76020843,99,2,6230.75,0,Loyal Customers
76202036,67,1,284.69,1,Regular Customers
76212152,427,3,6529.35,3,At Risk Customers
76218218,285,2,6760.48,0,Loyal Customers
76327561,101,4,7688.85,0,Loyal Customers
76359458,157,3,4355.55,0,Loyal Customers
76377003,332,1,227.22,3,At Risk Customers
76438648,474,1,2556.83,3,At Risk Customers
76441843,370,1,1813.08,3,At Risk Customers
76512976,219,2,2790.73,1,Regular Customers
76533277,300,2,5322.21,3,At Risk Customers
76604145,327,1,2541.96,3,At Risk Customers
76830090,444,1,242.57,3,At Risk Customers
76850859,12,4,7952.71,0,Loyal Customers
76857266,333,2,7768.93,0,Loyal Customers
76864442,290,1,2866.57,3,At Risk Customers
76917159,45,5,12795.12,2,Premium Customers
76925460,93,1,4636.88,1,Regular Customers
76970363,466,3,3330.82,3,At Risk Customers
76971644,71,4,9528.63,2,Premium Customers
76987910,394,2,6884.35,3,At Risk Customers
77007315,66,4,6689.49,0,Loyal Customers
77015367,404,2,2422.17,3,At Risk Customers
77035814,130,4,10079.15,2,Premium Customers
77085443,354,2,4509.45,3,At Risk Customers
77086074,110,1,707.67,1,Regular Customers
77086539,44,3,8916.130000000001,0,Loyal Customers
77128325,243,2,7604.83,0,Loyal Customers
77161976,156,1,3784.91,1,Regular Customers
77214094,194,3,8544.31,0,Loyal Customers
77217240,62,1,983.79,1,Regular Customers
77220027,355,1,874.78,3,At Risk Customers
77306672,266,1,443.69,3,At Risk Customers
77320193,259,1,852.02,1,Regular Customers
77345018,48,2,2912.42,1,Regular Customers
77397957,168,3,8490.17,0,Loyal Customers
77559557,516,2,5400.48,3,At Risk Customers
77614510,39,4,7752.23,0,Loyal Customers
77618011,300,1,2593.91,3,At Risk Customers
77625089,481,1,3442.8,3,At Risk Customers
77661491,474,1,483.05,3,At Risk Customers
77673290,217,2,5170.8,1,Regular Customers
77768189,10,2,9231.61,0,Loyal Customers
77811864,195,4,7042.49,0,Loyal Customers
77862447,314,3,3637.69,3,At Risk Customers
77869660,58,9,19052.940000000002,2,Premium Customers
77921718,438,2,5060.58,3,At Risk Customers
77961205,27,3,4216.38,0,Loyal Customers
78014505,437,1,2926.42,3,At Risk Customers
78053306,599,1,646.54,3,At Risk Customers
78157360,258,3,2739.7000000000003,1,Regular Customers
78158536,242,1,3096.42,1,Regular Customers
78209683,553,1,3051.04,3,At Risk Customers
78254569,103,2,4565.67,1,Regular Customers
78267238,248,2,4536.860000000001,1,Regular Customers
78394303,220,3,8364.64,0,Loyal Customers
78412820,9,2,3132.3,1,Regular Customers
78439088,334,1,1831.85,3,At Risk Customers
78614729,351,2,3429.65,3,At Risk Customers
78678612,45,3,6559.789999999999,0,Loyal Customers
78725001,199,4,5809.219999999999,0,Loyal Customers
78732957,49,2,5056.41,1,Regular Customers
78748184,211,2,4830.63,1,Regular Customers
78750264,432,1,461.74,3,At Risk Customers
78806824,408,3,7953.18,0,Loyal Customers
78841932,410,2,5366.28,3,At Risk Customers
78847070,361,1,3774.14,3,At Risk Customers
78903046,111,2,7173.030000000001,0,Loyal Customers
78961097,212,1,4040.38,1,Regular Customers
79076101,292,1,4331.6,3,At Risk Customers
79135318,331,3,8890.55,0,Loyal Customers
79169760,38,2,3330.58,1,Regular Customers
79206969,112,5,13883.22,2,Premium Customers
79257353,186,2,3382.14,1,Regular Customers
79298972,240,2,2717.17,1,Regular Customers
79369660,91,2,5410.93,1,Regular Customers
79478655,99,4,8964.96,0,Loyal Customers
79591237,169,3,4656.52,0,Loyal Customers
79592021,6,4,8719.43,0,Loyal Customers
79628054,22,3,4176.3099999999995,0,Loyal Customers
79630614,150,2,1742.3899999999999,1,Regular Customers
79672044,104,3,7650.41,0,Loyal Customers
79695653,156,2,3950.49,1,Regular Customers
79726146,413,1,3415.39,3,At Risk Customers
79742293,204,2,3011.95,1,Regular Customers
79764458,2,5,11461.75,2,Premium Customers
79773912,120,2,3390.1600000000003,1,Regular Customers
79789048,362,1,3759.65,3,At Risk Customers
79895967,81,4,10120.36,2,Premium Customers
79916464,157,4,8332.82,0,Loyal Customers
79919160,226,2,5207.33,1,Regular Customers
79942821,59,1,1746.31,1,Regular Customers
79960955,277,2,4787.32,3,At Risk Customers
79991320,6,3,6538.6900000000005,0,Loyal Customers
80269328,33,1,1382.07,1,Regular Customers
80286283,11,2,4514.09,1,Regular Customers
80315623,367,2,5371.2300000000005,3,At Risk Customers
80371626,506,2,4113.349999999999,3,At Risk Customers
80476444,297,1,2634.39,3,At Risk Customers
80499378,252,1,825.46,1,Regular Customers
80517784,221,6,15153.25,2,Premium Customers
80571942,14,6,13128.33,2,Premium Customers
80696046,78,3,6615.46,0,Loyal Customers
80759416,2,1,3299.24,1,Regular Customers
80761521,410,3,5172.2,3,At Risk Customers
80796977,67,2,7259.15,0,Loyal Customers
80800079,109,2,2390.05,1,Regular Customers
80833965,223,2,6037.74,0,Loyal Customers
80850753,451,2,5894.4400000000005,3,At Risk Customers
80858127,273,1,3393.32,3,At Risk Customers
80862136,107,4,6790.79,0,Loyal Customers
80875034,83,3,4948.35,0,Loyal Customers
80935110,226,3,5365.01,0,Loyal Customers
80952275,340,1,1385.54,3,At Risk Customers
80954112,523,1,3748.84,3,At Risk Customers
81046421,446,1,1114.77,3,At Risk Customers
81088747,103,2,2228.58,1,Regular Customers
81091233,161,2,3354.94,1,Regular Customers
81102955,485,1,374.68,3,At Risk Customers
81136091,208,1,4759.44,1,Regular Customers
81160474,259,1,839.84,1,Regular Customers
81174361,66,1,2474.23,1,Regular Customers
81183415,177,2,5851.19,0,Loyal Customers
81200164,226,2,5153.05,1,Regular Customers
81229704,83,1,445.48,1,Regular Customers
81337068,32,3,8849.37,0,Loyal Customers
81346291,249,2,1779.77,1,Regular Customers
81352781,508,1,2638.38,3,At Risk Customers
81373608,445,1,3335.13,3,At Risk Customers
81377917,247,1,2699.14,1,Regular Customers
81382213,297,2,5993.450000000001,3,At Risk Customers
81420960,40,3,7825.91,0,Loyal Customers
81462774,287,1,972.69,3,At Risk Customers
81500385,333,2,3182.15,3,At Risk Customers
81528623,518,2,1810.0300000000002,3,At Risk Customers
81533356,304,3,7608.23,0,Loyal Customers
81541985,359,4,10323.7,0,Loyal Customers
81584486,371,2,3857.61,3,At Risk Customers
81605722,256,3,2006.29,1,Regular Customers
81655250,442,1,2392.8,3,At Risk Customers
81757554,176,4,12026.39,2,Premium Customers
81763298,35,2,4453.99,1,Regular Customers
81808190,109,4,12293.66,2,Premium Customers
81822494,240,3,8589.01,0,Loyal Customers
81822935,76,5,12947.67,2,Premium Customers
81906973,351,3,10874.7,0,Loyal Customers
81932548,31,2,5499.3,1,Regular Customers
81940369,437,2,7271.49,3,At Risk Customers
81994445,46,2,3151.04,1,Regular Customers
82032191,347,1,1865.04,3,At Risk Customers
82160592,246,1,940.44,1,Regular Customers
82169898,88,3,6417.42,0,Loyal Customers
82179338,22,3,8306.380000000001,0,Loyal Customers
82286725,172,4,9959.55,2,Premium Customers
82322028,195,1,2930.91,1,Regular Customers
82359623,132,5,12038.57,2,Premium Customers
82374625,297,2,1911.23,3,At Risk Customers
82425179,212,3,8774.65,0,Loyal Customers
82529927,189,3,6807.77,0,Loyal Customers
82585664,242,3,8033.860000000001,0,Loyal Customers
82594354,91,4,11301.69,2,Premium Customers
82700270,235,1,848.94,1,Regular Customers
82708090,442,1,1354.27,3,At Risk Customers
82770142,2,1,1195.03,1,Regular Customers
82804543,15,2,4716.83,1,Regular Customers
82854537,50,3,6982.21,0,Loyal Customers
82898985,313,1,4768.12,3,At Risk Customers
82900175,35,2,4987.3,1,Regular Customers
82918668,139,2,3677.25,1,Regular Customers
82948843,304,2,8818.02,0,Loyal Customers
82989313,6,3,7429.41,0,Loyal Customers
83023956,239,2,5721.23,0,Loyal Customers
83034412,146,1,48.55,1,Regular Customers
83039559,252,2,1421.71,1,Regular Customers
83058329,58,1,275.03,1,Regular Customers
83155219,135,1,654.31,1,Regular Customers
83236183,69,3,9700.18,0,Loyal Customers
83262890,180,2,4127.02,1,Regular Customers
83298567,202,3,4266.13,0,Loyal Customers
83304462,15,2,2525.7,1,Regular Customers
83304571,103,4,4343.91,0,Loyal Customers
83348353,495,1,1535.36,3,At Risk Customers
83404008,84,2,5523.96,1,Regular Customers
83412446,41,3,5811.28,0,Loyal Customers
83577942,228,4,6661.48,0,Loyal Customers
83588803,299,1,3207.16,3,At Risk Customers
83597876,134,2,2948.37,1,Regular Customers
83610315,173,1,2282.13,1,Regular Customers
83660688,439,4,11810.51,2,Premium Customers
83701325,30,4,6605.0,0,Loyal Customers
83867512,19,2,4940.92,1,Regular Customers
83964902,204,1,2010.29,1,Regular Customers
84066402,12,5,11088.15,2,Premium Customers
84119685,5,3,5930.65,0,Loyal Customers
84161531,334,3,6189.47,0,Loyal Customers
84257716,262,1,758.75,3,At Risk Customers
84275450,287,3,8047.32,0,Loyal Customers
84361534,294,2,5000.8099999999995,3,At Risk Customers
84377964,296,4,8321.8,0,Loyal Customers
84448310,123,2,5580.92,1,Regular Customers
84456355,254,3,10497.34,0,Loyal Customers
84468124,22,5,10914.22,2,Premium Customers
84572019,6,2,2904.6600000000003,1,Regular Customers
84641682,50,2,4459.26,1,Regular Customers
84824280,98,6,12278.92,2,Premium Customers
84826389,490,1,1367.34,3,At Risk Customers
84848018,189,3,5396.36,0,Loyal Customers
84850688,377,2,5190.18,3,At Risk Customers
84862161,174,2,2244.42,1,Regular Customers
84929351,251,1,5473.26,1,Regular Customers
84937877,74,2,4157.1,1,Regular Customers
84953008,54,5,11017.51,2,Premium Customers
84986716,235,1,3196.92,1,Regular Customers
84993732,52,2,1874.66,1,Regular Customers
85006599,173,3,4166.34,0,Loyal Customers
85016568,448,1,2498.22,3,At Risk Customers
85020453,288,2,4030.8,3,At Risk Customers
85072416,231,2,5138.66,1,Regular Customers
85074810,45,5,5713.9400000000005,0,Loyal Customers
85088479,386,1,1819.74,3,At Risk Customers
85177880,27,1,3340.2,1,Regular Customers
85198177,1,4,11660.189999999999,2,Premium Customers
85218071,171,2,5135.92,1,Regular Customers
85233498,409,1,3723.26,3,At Risk Customers
85340038,322,2,6975.139999999999,3,At Risk Customers
85354059,152,4,6598.97,0,Loyal Customers
85435560,494,1,5814.13,3,At Risk Customers
85474732,548,1,2389.83,3,At Risk Customers
85476508,35,1,3410.49,1,Regular Customers
85490177,83,1,1549.44,1,Regular Customers
85518832,186,5,11353.08,2,Premium Customers
85519349,26,4,13501.18,2,Premium Customers
85561151,300,4,5513.6900000000005,0,Loyal Customers
85626346,260,4,12578.72,2,Premium Customers
85658166,78,2,4760.08,1,Regular Customers
85747175,11,1,1705.25,1,Regular Customers
85763665,64,3,5213.63,0,Loyal Customers
85838438,352,1,3870.66,3,At Risk Customers
85854265,278,2,2754.26,3,At Risk Customers
85869195,248,2,6818.72,0,Loyal Customers
85907588,140,3,3903.09,0,Loyal Customers
86050297,240,1,703.11,1,Regular Customers
86067293,56,5,5624.4800000000005,0,Loyal Customers
86167288,259,1,1422.49,1,Regular Customers
86294036,550,1,1534.27,3,At Risk Customers
86444757,115,3,9885.380000000001,0,Loyal Customers
86479284,317,2,2658.6,3,At Risk Customers
86483673,176,1,1659.75,1,Regular Customers
86487478,204,2,6482.33,0,Loyal Customers
86499778,292,1,1047.98,3,At Risk Customers
86636273,107,2,5358.63,1,Regular Customers
86704661,28,2,5659.66,1,Regular Customers
86715467,151,2,7238.01,0,Loyal Customers
86995126,28,3,4873.08,0,Loyal Customers
87059497,137,2,3985.79,1,Regular Customers
87107263,157,2,869.25,1,Regular Customers
87160527,40,4,11808.91,2,Premium Customers
87200291,146,3,5502.929999999999,0,Loyal Customers
87213891,361,1,4110.56,3,At Risk Customers
87220860,96,2,9931.9,0,Loyal Customers
87222820,314,1,951.43,3,At Risk Customers
87251489,225,3,5514.370000000001,0,Loyal Customers
87256913,45,1,3869.92,1,Regular Customers
87266309,220,3,8868.619999999999,0,Loyal Customers
87266831,422,2,2344.95,3,At Risk Customers
87335844,201,2,1783.92,1,Regular Customers
87444738,57,1,1173.0,1,Regular Customers
87450286,225,1,4969.83,1,Regular Customers
87457446,88,1,2424.07,1,Regular Customers
87463923,7,4,6281.93,0,Loyal Customers
87641623,135,2,3284.0699999999997,1,Regular Customers
87669943,298,2,5411.0599999999995,3,At Risk Customers
87691707,41,1,2930.46,1,Regular Customers
87718744,64,3,8701.64,0,Loyal Customers
87823209,155,2,6883.6900000000005,0,Loyal Customers
87889031,204,2,2992.86,1,Regular Customers
87943214,175,1,3056.86,1,Regular Customers
87954926,278,2,5054.46,3,At Risk Customers
87984862,258,1,3214.61,1,Regular Customers
88045094,177,4,7567.34,0,Loyal Customers
88067569,297,3,7415.13,0,Loyal Customers
88111697,29,1,2646.85,1,Regular Customers
88130777,123,1,909.62,1,Regular Customers
88167544,543,1,831.1,3,At Risk Customers
88202341,445,2,4966.29,3,At Risk Customers
88203688,137,3,6130.83,0,Loyal Customers
88215615,50,1,163.03,1,Regular Customers
88223261,121,2,6216.6900000000005,0,Loyal Customers
88252625,19,2,4772.860000000001,1,Regular Customers
88312515,158,2,6424.94,0,Loyal Customers
88324928,4,5,12463.84,2,Premium Customers
88517890,82,2,4299.14,1,Regular Customers
88520326,115,3,11380.73,0,Loyal Customers
88532418,341,3,6837.84,0,Loyal Customers
88553721,21,3,5392.450000000001,0,Loyal Customers
88684966,586,1,2024.16,3,At Risk Customers
88739922,190,4,11293.92,2,Premium Customers
88745052,523,1,1740.54,3,At Risk Customers
88779806,579,1,2239.85,3,At Risk Customers
88843865,435,1,2033.74,3,At Risk Customers
88866835,219,4,11203.08,2,Premium Customers
88923048,7,3,5937.36,0,Loyal Customers
88965399,560,1,1756.7,3,At Risk Customers
89036169,288,3,6247.16,0,Loyal Customers
89051578,216,1,475.04,1,Regular Customers
89142848,523,1,2075.02,3,At Risk Customers
89223620,9,1,4144.84,1,Regular Customers
89361574,242,2,4243.92,1,Regular Customers
89412038,558,1,3755.33,3,At Risk Customers
89418072,201,1,968.65,1,Regular Customers
89472859,512,1,2144.77,3,At Risk Customers
89476734,461,2,8610.54,3,At Risk Customers
89523804,592,1,1731.34,3,At Risk Customers
89531595,155,4,8439.48,0,Loyal Customers
89617089,166,3,8399.92,0,Loyal Customers
89619421,10,3,6016.01,0,Loyal Customers
89669139,247,4,10417.59,2,Premium Customers
89699655,19,3,8178.42,0,Loyal Customers
89704218,9,2,5326.709999999999,1,Regular Customers
89784343,100,2,4857.52,1,Regular Customers
89811984,200,1,263.7,1,Regular Customers
89867195,284,1,3494.42,3,At Risk Customers
89874335,416,1,2976.93,3,At Risk Customers
89886179,219,2,4658.05,1,Regular Customers
89910157,109,5,12115.11,2,Premium Customers
89950235,92,1,1827.9,1,Regular Customers
89968482,142,4,12611.17,2,Premium Customers
89986926,37,3,7075.09,0,Loyal Customers
89995124,181,2,3944.3500000000004,1,Regular Customers
89998489,572,1,329.79,3,At Risk Customers
90021871,102,4,6910.14,0,Loyal Customers
90038364,395,2,4724.99,3,At Risk Customers
90144978,173,1,1927.44,1,Regular Customers
90150193,37,4,8519.08,0,Loyal Customers
90184276,432,3,8250.97,0,Loyal Customers
90246977,104,4,9465.56,2,Premium Customers
90298394,22,3,3074.34,1,Regular Customers
90299101,2,1,2238.94,1,Regular Customers
90346920,55,4,13396.39,2,Premium Customers
90372221,358,2,2861.57,3,At Risk Customers
90448312,2,6,9076.470000000001,2,Premium Customers
90586029,163,2,6598.66,0,Loyal Customers
90586443,57,2,3199.2799999999997,1,Regular Customers
90621147,4,3,3383.3599999999997,1,Regular Customers
90647204,64,1,589.61,1,Regular Customers
90649019,118,5,12097.74,2,Premium Customers
90665975,83,5,14044.36,2,Premium Customers
90666073,86,1,773.17,1,Regular Customers
90696847,135,1,2841.51,1,Regular Customers
90743791,307,1,4354.3,3,At Risk Customers
90745023,365,4,5235.45,0,Loyal Customers
90753712,200,1,96.09,1,Regular Customers
90856813,335,2,4150.25,3,At Risk Customers
90882023,467,1,517.77,3,At Risk Customers
90919603,87,3,10918.26,0,Loyal Customers
91024604,69,3,8281.12,0,Loyal Customers
91072336,166,1,1435.7,1,Regular Customers
91130614,352,2,4609.95,3,At Risk Customers
91144803,321,2,5736.17,3,At Risk Customers
91196901,116,5,18856.11,2,Premium Customers
91228580,581,1,3211.74,3,At Risk Customers
91243571,17,4,13322.880000000001,2,Premium Customers
91312072,156,2,2802.0,1,Regular Customers
91320466,147,1,826.21,1,Regular Customers
91382237,188,3,5519.48,0,Loyal Customers
91384030,265,1,2292.56,3,At Risk Customers
91408854,506,2,7570.110000000001,3,At Risk Customers
91448742,140,3,4051.72,0,Loyal Customers
91500615,21,3,10465.85,0,Loyal Customers
91550885,143,4,8571.59,0,Loyal Customers
91562028,64,4,7315.53,0,Loyal Customers
91566278,282,3,5861.110000000001,0,Loyal Customers
91590001,6,2,3402.21,1,Regular Customers
91602727,584,1,968.94,3,At Risk Customers
91614690,536,1,3551.54,3,At Risk Customers
91768226,237,1,2783.14,1,Regular Customers
91789216,528,1,1332.79,3,At Risk Customers
91791128,253,2,4039.5600000000004,1,Regular Customers
91853589,422,1,1848.84,3,At Risk Customers
91868185,181,2,2337.98,1,Regular Customers
91973128,404,1,3536.94,3,At Risk Customers
92027021,88,3,5981.78,0,Loyal Customers
92038780,179,2,2637.26,1,Regular Customers
92091019,550,1,3117.45,3,At Risk Customers
92098757,134,1,4419.96,1,Regular Customers
92118758,246,1,5067.85,1,Regular Customers
92123198,206,2,5890.389999999999,0,Loyal Customers
92209869,367,2,5852.25,3,At Risk Customers
92245432,73,4,7239.94,0,Loyal Customers
92306841,130,4,6295.6,0,Loyal Customers
92356639,88,4,11966.82,2,Premium Customers
92404798,269,6,14636.48,2,Premium Customers
92409489,277,3,1722.12,1,Regular Customers
92416428,105,3,9626.2,0,Loyal Customers
92455970,400,2,7090.28,3,At Risk Customers
92509376,20,3,3955.43,0,Loyal Customers
92583164,37,1,534.55,1,Regular Customers
92604392,497,1,1015.0,3,At Risk Customers
92636025,470,2,5155.47,3,At Risk Customers
92642745,5,3,11015.46,0,Loyal Customers
92843141,92,1,4371.79,1,Regular Customers
93018527,76,7,9521.09,2,Premium Customers
93122847,35,3,5962.14,0,Loyal Customers
93127511,382,2,1449.97,3,At Risk Customers
93198324,221,3,6852.52,0,Loyal Customers
93318833,5,2,4519.360000000001,1,Regular Customers
93321933,155,3,11045.2,0,Loyal Customers
93341057,87,2,3914.21,1,Regular Customers
93370787,145,3,4115.7,0,Loyal Customers
93458307,97,1,1119.19,1,Regular Customers
93507573,223,4,4930.58,0,Loyal Customers
93563435,57,6,16368.94,2,Premium Customers
93617659,170,3,8520.34,0,Loyal Customers
93675757,49,4,9347.77,2,Premium Customers
93699264,170,3,6633.19,0,Loyal Customers
93723634,56,3,6653.1900000000005,0,Loyal Customers
93730857,87,2,3657.72,1,Regular Customers
93735495,143,1,3373.41,1,Regular Customers
93826036,549,1,5271.36,3,At Risk Customers
93867669,405,1,3235.64,3,At Risk Customers
93924203,3,6,15737.29,2,Premium Customers
93937586,81,1,2790.84,1,Regular Customers
93938425,80,4,11653.58,2,Premium Customers
94033330,30,4,3772.4500000000003,0,Loyal Customers
94078407,86,1,2410.88,1,Regular Customers
94137242,588,2,3856.72,3,At Risk Customers
94165062,399,1,2931.44,3,At Risk Customers
94179692,51,1,2638.02,1,Regular Customers
94281220,137,2,1417.7,1,Regular Customers
94404245,67,1,1498.34,1,Regular Customers
94430842,300,1,2163.71,3,At Risk Customers
94453274,346,2,4051.8199999999997,3,At Risk Customers
94486311,84,2,4730.42,1,Regular Customers
94529626,246,3,11740.27,0,Loyal Customers
94552818,291,1,361.98,3,At Risk Customers
94706375,114,1,2600.22,1,Regular Customers
94713625,297,2,7234.43,0,Loyal Customers
94730288,293,3,4481.320000000001,0,Loyal Customers
94854830,481,1,5351.42,3,At Risk Customers
95001589,162,2,2341.15,1,Regular Customers
95018817,435,2,3567.98,3,At Risk Customers
95269737,13,1,4731.51,1,Regular Customers
95309983,182,2,4944.1,1,Regular Customers
95334407,140,2,4891.389999999999,1,Regular Customers
95364457,165,4,8512.87,0,Loyal Customers
95371787,343,2,5188.52,3,At Risk Customers
95372766,349,3,7087.63,0,Loyal Customers
95382317,62,1,2857.54,1,Regular Customers
95428692,241,2,3395.29,1,Regular Customers
95558510,366,1,778.27,3,At Risk Customers
95590889,546,1,3658.91,3,At Risk Customers
95594611,222,1,2490.28,1,Regular Customers
95736310,589,1,3597.75,3,At Risk Customers
95768401,1,2,2731.0,1,Regular Customers
95858939,79,2,2828.6000000000004,1,Regular Customers
95873651,341,3,7395.04,0,Loyal Customers
95912198,45,3,6537.72,0,Loyal Customers
95971469,71,5,13230.68,2,Premium Customers
96001315,58,2,4854.24,1,Regular Customers
96009692,109,2,7219.48,0,Loyal Customers
96042320,511,1,2846.85,3,At Risk Customers
96109948,63,3,7406.33,0,Loyal Customers
96149069,399,1,3628.23,3,At Risk Customers
96171594,182,1,1513.03,1,Regular Customers
96253172,124,4,8816.25,0,Loyal Customers
96373206,80,2,6945.68,0,Loyal Customers
96461062,586,1,4125.04,3,At Risk Customers
96511007,67,3,7157.36,0,Loyal Customers
96628029,53,2,2265.42,1,Regular Customers
96629034,55,2,4508.26,1,Regular Customers
96629258,26,3,6915.79,0,Loyal Customers
96640716,74,2,2486.73,1,Regular Customers
96795047,47,3,9432.24,0,Loyal Customers
96806748,111,2,4263.64,1,Regular Customers
96853930,311,3,8211.4,0,Loyal Customers
96903782,95,4,11023.74,2,Premium Customers
96989204,59,4,9167.7,2,Premium Customers
97033691,170,3,5896.33,0,Loyal Customers
97111069,229,4,7476.77,0,Loyal Customers
97111119,451,1,50.12,3,At Risk Customers
97141762,21,2,4010.74,1,Regular Customers
97144544,188,1,2679.81,1,Regular Customers
97150234,188,2,5370.55,1,Regular Customers
97174235,149,1,255.35,1,Regular Customers
97185284,62,2,4672.5,1,Regular Customers
97191387,192,1,4917.07,1,Regular Customers
97259564,142,2,3300.74,1,Regular Customers
97277696,342,1,933.3,3,At Risk Customers
97286925,224,2,4947.96,1,Regular Customers
97315135,136,2,3623.08,1,Regular Customers
97388817,205,1,39.65,1,Regular Customers
97411107,59,3,5530.05,0,Loyal Customers
97419742,323,2,8529.91,0,Loyal Customers
97466783,215,3,8107.49,0,Loyal Customers
97475543,116,4,12315.91,2,Premium Customers
97484394,109,1,1662.15,1,Regular Customers
97492493,268,3,9129.98,0,Loyal Customers
97507853,35,2,3872.8199999999997,1,Regular Customers
97509888,63,1,735.43,1,Regular Customers
97557157,49,3,4972.93,0,Loyal Customers
97664747,283,3,9354.3,0,Loyal Customers
97678578,302,4,13668.16,2,Premium Customers
97739583,216,1,340.66,1,Regular Customers
97770901,26,3,5937.81,0,Loyal Customers
97825663,26,5,13192.880000000001,2,Premium Customers
97873848,29,3,5926.42,0,Loyal Customers
97928541,73,1,2983.11,1,Regular Customers
97928781,306,2,4554.96,3,At Risk Customers
98088303,134,5,11759.59,2,Premium Customers
98144693,25,1,2657.2,1,Regular Customers
98152679,255,2,2905.3799999999997,1,Regular Customers
98211325,126,2,5208.780000000001,1,Regular Customers
98218863,242,2,7271.0,0,Loyal Customers
98225598,132,5,11683.539999999999,2,Premium Customers
98241853,549,1,959.01,3,At Risk Customers
98246574,18,3,7413.13,0,Loyal Customers
98307019,133,3,10541.33,0,Loyal Customers
98444183,15,6,13120.92,2,Premium Customers
98540377,101,4,6201.77,0,Loyal Customers
98625898,171,2,3207.97,1,Regular Customers
98687927,12,3,7872.67,0,Loyal Customers
98691989,148,2,3075.4300000000003,1,Regular Customers
98709982,234,2,5420.7,1,Regular Customers
98858383,17,3,8747.720000000001,0,Loyal Customers
98896871,14,2,2741.93,1,Regular Customers
98930670,371,1,1214.68,3,At Risk Customers
99156138,445,1,4116.32,3,At Risk Customers
99160348,70,2,5004.36,1,Regular Customers
99231937,83,3,6129.04,0,Loyal Customers
99301505,65,3,6513.01,0,Loyal Customers
99361865,21,3,7861.59,0,Loyal Customers
99406165,536,2,2152.71,3,At Risk Customers
99412119,149,1,2721.96,1,Regular Customers
99490786,414,2,5019.02,3,At Risk Customers
99594960,321,1,1763.79,3,At Risk Customers
99627097,446,2,1856.69,3,At Risk Customers
99695529,169,3,12764.73,2,Premium Customers
99707100,400,3,9713.18,0,Loyal Customers
99714944,87,3,3576.8599999999997,0,Loyal Customers
99729547,7,3,6406.26,0,Loyal Customers
99734256,55,3,8571.89,0,Loyal Customers
99772709,32,3,5208.45,0,Loyal Customers
99784559,577,1,2527.14,3,At Risk Customers
99824171,145,2,4515.68,1,Regular Customers
99893898,66,4,8817.53,0,Loyal Customers
